idx,k,seed,cer,animescore,utmos,likability,gated_reward
0,0,0,0.09090909090909091,1.0377418994903564,1.3002207279205322,3.5062437057495117,4.5377418994903564
0,1,100,0.22727272727272727,2.217562437057495,1.4580553770065308,4.032147407531738,5.217562437057495
0,2,101,0.3181818181818182,1.8673127889633179,1.671366572380066,3.8168883323669434,-1.0
0,3,102,0.5454545454545454,0.9174230694770813,1.2908138036727905,3.200793743133545,-1.0
0,4,103,0.18181818181818182,3.4227135181427,2.400857448577881,4.449060440063477,6.4227135181427
0,5,104,0.09090909090909091,0.1605602502822876,1.2959343194961548,3.3748598098754883,3.6605602502822876
0,6,105,0.7727272727272727,2.300835371017456,1.4218580722808838,1.8714871406555176,-1.0
0,7,106,0.13636363636363635,-0.6874585747718811,1.319027066230774,3.7487759590148926,2.312541425228119
1,0,0,1.3636363636363635,-0.706579327583313,1.4779313802719116,1.877205491065979,-1.0
1,1,100,0.9545454545454546,0.41051071882247925,1.4115899801254272,3.049715995788574,-1.0
1,2,101,0.18181818181818182,1.250404953956604,1.3432813882827759,3.28610897064209,4.250404953956604
1,3,102,0.3181818181818182,2.4251129627227783,1.916345238685608,4.184630393981934,-1.0
1,4,103,0.2727272727272727,1.1120243072509766,2.474069595336914,3.8534929752349854,4.112024307250977
1,5,104,0.2727272727272727,2.2085189819335938,1.4028493165969849,3.716125011444092,5.208518981933594
1,6,105,0.18181818181818182,0.31184959411621094,1.376197099685669,3.4790022373199463,3.311849594116211
1,7,106,0.18181818181818182,2.8477072715759277,1.4750257730484009,3.87576961517334,5.847707271575928
2,0,0,0.2692307692307692,3.797088146209717,1.9240036010742188,4.068504810333252,6.797088146209717
2,1,100,0.3076923076923077,-0.7643415331840515,1.3450944423675537,3.0730574131011963,-1.0
2,2,101,0.19230769230769232,2.6902077198028564,3.2607719898223877,4.308658123016357,5.6902077198028564
2,3,102,1.0,-2.0658373832702637,1.6330631971359253,1.907613754272461,-1.0
2,4,103,1.0,-0.1418040692806244,1.5487011671066284,1.8997987508773804,-1.0
2,5,104,0.15384615384615385,2.0976314544677734,1.5051058530807495,3.907357931137085,5.097631454467773
2,6,105,0.3076923076923077,2.2608449459075928,1.5916893482208252,3.547417163848877,-1.0
2,7,106,0.6538461538461539,3.0318665504455566,2.4970483779907227,4.223257064819336,-1.0
3,0,0,0.11538461538461539,1.215556025505066,1.3619637489318848,3.6728265285491943,4.215556025505066
3,1,100,0.15384615384615385,-0.12419650703668594,1.3240290880203247,3.480551242828369,2.875803492963314
3,2,101,0.11538461538461539,3.1822855472564697,1.8452470302581787,4.089340686798096,6.18228554725647
3,3,102,0.23076923076923078,0.9439437389373779,2.9556362628936768,3.7491753101348877,3.943943738937378
3,4,103,0.07692307692307693,3.4064841270446777,3.249767780303955,4.209856033325195,6.906484127044678
3,5,104,0.11538461538461539,1.734470248222351,1.8307642936706543,4.327734470367432,4.734470248222351
3,6,105,0.19230769230769232,0.1906789243221283,1.3527919054031372,3.9964663982391357,3.1906789243221283
3,7,106,0.7307692307692307,2.977717161178589,1.4880831241607666,2.3560733795166016,-1.0
4,0,0,0.0,-1.2256031036376953,4.019134521484375,4.604791641235352,2.2743968963623047
4,1,100,0.0,-1.3463096618652344,4.2638163566589355,4.48835563659668,2.1536903381347656
4,2,101,0.04,-0.5023788809776306,4.017070293426514,4.538023948669434,2.9976211190223694
4,3,102,0.04,-1.5485743284225464,4.173680782318115,4.5895586013793945,1.9514256715774536
4,4,103,0.04,-1.3283878564834595,3.9154670238494873,4.430108547210693,2.1716121435165405
4,5,104,0.0,-1.2008649110794067,3.409001588821411,4.506514549255371,2.2991350889205933
4,6,105,0.0,-1.243330478668213,4.033527851104736,4.521323204040527,2.256669521331787
4,7,106,0.0,-1.0322740077972412,3.931101083755493,4.550311088562012,2.467725992202759
5,0,0,0.041666666666666664,-1.0158950090408325,4.147924423217773,4.503489017486572,2.4841049909591675
5,1,100,0.041666666666666664,-1.448750615119934,4.2621612548828125,4.4675493240356445,2.051249384880066
5,2,101,0.041666666666666664,-0.5305523872375488,3.7424678802490234,4.458112716674805,2.969447612762451
5,3,102,0.041666666666666664,-1.1325558423995972,4.1648268699646,4.495421409606934,2.367444157600403
5,4,103,0.041666666666666664,-0.6548160314559937,4.254997730255127,4.531437397003174,2.8451839685440063
5,5,104,0.041666666666666664,-0.21778395771980286,4.150537014007568,4.4613213539123535,3.282216042280197
5,6,105,0.041666666666666664,-0.6886140704154968,4.157526969909668,4.550005912780762,2.811385929584503
5,7,106,0.041666666666666664,-0.5034930109977722,4.276219367980957,4.562928676605225,2.996506989002228
6,0,0,0.0,-1.5372473001480103,3.806128978729248,4.356290340423584,1.9627526998519897
6,1,100,0.0,-1.332678198814392,4.081574440002441,4.199275016784668,2.167321801185608
6,2,101,0.08333333333333333,-1.678837537765503,4.268674850463867,4.521994113922119,1.821162462234497
6,3,102,0.0,-1.5800219774246216,4.008161544799805,4.097725868225098,1.9199780225753784
6,4,103,0.08333333333333333,-1.503770351409912,3.354151725769043,4.572140693664551,1.996229648590088
6,5,104,0.0,-1.729163646697998,3.8136720657348633,4.482109546661377,1.770836353302002
6,6,105,0.0,-1.4389235973358154,4.213156700134277,4.417581558227539,2.0610764026641846
6,7,106,0.0,-1.456693410873413,3.855823278427124,4.550321102142334,2.043306589126587
7,0,0,0.0,-1.3521817922592163,3.90084171295166,4.518919467926025,2.1478182077407837
7,1,100,0.36,-1.8877978324890137,4.28744649887085,4.528980255126953,-1.0
7,2,101,0.0,-1.5433828830718994,4.233052730560303,4.48209285736084,1.9566171169281006
7,3,102,0.04,-1.1200392246246338,3.0785281658172607,4.380781173706055,2.379960775375366
7,4,103,0.36,-1.7662478685379028,4.20239782333374,4.485307693481445,-1.0
7,5,104,0.0,-1.1465154886245728,4.262872219085693,4.544514179229736,2.3534845113754272
7,6,105,0.0,-1.0495730638504028,3.4667134284973145,4.486010551452637,2.450426936149597
7,7,106,0.0,-1.4945231676101685,3.630721092224121,4.523299217224121,2.0054768323898315
8,0,0,0.04,-1.444031000137329,3.845916748046875,4.399598121643066,2.055968999862671
8,1,100,0.04,2.070560932159424,3.6068477630615234,4.5470805168151855,5.570560932159424
8,2,101,0.04,-1.4624680280685425,4.08474063873291,4.44911003112793,2.0375319719314575
8,3,102,0.04,0.5580322742462158,3.748899459838867,4.512401103973389,4.058032274246216
8,4,103,0.04,0.07668875902891159,3.9121382236480713,4.532050609588623,3.5766887590289116
8,5,104,0.04,-0.10369863361120224,3.9785172939300537,4.579782485961914,3.3963013663887978
8,6,105,0.0,1.0945504903793335,3.674675226211548,4.495665550231934,4.5945504903793335
8,7,106,0.04,-0.3678411841392517,4.101649284362793,4.533260345458984,3.1321588158607483
9,0,0,0.043478260869565216,-0.9296042919158936,3.6297364234924316,4.466986179351807,2.5703957080841064
9,1,100,0.08695652173913043,-1.9947261810302734,3.3051986694335938,4.336064338684082,1.5052738189697266
9,2,101,0.13043478260869565,0.9720526933670044,2.9616315364837646,4.4786272048950195,3.9720526933670044
9,3,102,0.08695652173913043,-1.2511283159255981,3.6636390686035156,4.284419059753418,2.248871684074402
9,4,103,0.043478260869565216,-0.1837528645992279,4.178824424743652,4.377373218536377,3.316247135400772
9,5,104,0.17391304347826086,-1.6154721975326538,3.498915672302246,4.127499103546143,1.3845278024673462
9,6,105,0.13043478260869565,-1.1948319673538208,3.4653658866882324,3.795429229736328,1.8051680326461792
9,7,106,0.043478260869565216,-0.8775513768196106,3.9487202167510986,4.559215545654297,2.6224486231803894
10,0,0,0.0,-0.5558362603187561,3.7802581787109375,4.450943946838379,2.944163739681244
10,1,100,0.04,-0.9218725562095642,3.7609703540802,4.504165172576904,2.578127443790436
10,2,101,0.04,-1.9359437227249146,4.212657451629639,4.509259223937988,1.5640562772750854
10,3,102,0.08,-2.069960117340088,3.464641571044922,4.341025352478027,1.430039882659912
10,4,103,0.0,-1.3501429557800293,4.239110946655273,4.457964897155762,2.1498570442199707
10,5,104,0.04,-1.1375051736831665,3.720630645751953,4.473681449890137,2.3624948263168335
10,6,105,0.08,-1.6062017679214478,3.7138469219207764,4.398174285888672,1.8937982320785522
10,7,106,0.04,-1.4284433126449585,3.1436707973480225,4.420808792114258,2.0715566873550415
11,0,0,0.0,-1.5896644592285156,3.9895408153533936,4.405248165130615,1.9103355407714844
11,1,100,0.0,-1.6521233320236206,4.086540699005127,4.330288410186768,1.8478766679763794
11,2,101,0.0,-0.8509088158607483,3.3707003593444824,4.431754112243652,2.6490911841392517
11,3,102,0.0,-1.6614338159561157,3.499354839324951,4.492156982421875,1.8385661840438843
11,4,103,0.12,-1.5719037055969238,3.775902271270752,4.463566780090332,1.4280962944030762
11,5,104,0.08,-1.7307847738265991,3.737687349319458,4.402016639709473,1.7692152261734009
11,6,105,0.0,-0.8936312794685364,4.029930114746094,4.424034595489502,2.6063687205314636
11,7,106,0.0,-1.8792529106140137,3.942457675933838,4.383508682250977,1.6207470893859863
12,0,0,0.5483870967741935,0.989351749420166,1.4892901182174683,3.810044765472412,-1.0
12,1,100,0.3225806451612903,0.06095586344599724,1.340643286705017,3.584537982940674,-1.0
12,2,101,0.3870967741935484,1.865437626838684,2.094886302947998,4.02513313293457,-1.0
12,3,102,0.6129032258064516,0.8643783330917358,1.7593445777893066,3.9859533309936523,-1.0
12,4,103,0.3548387096774194,1.9285213947296143,3.1359171867370605,3.9717230796813965,-1.0
12,5,104,0.5806451612903226,0.08881030231714249,1.8500773906707764,4.058012962341309,-1.0
12,6,105,0.3548387096774194,2.0343785285949707,1.8312053680419922,3.8229384422302246,-1.0
12,7,106,0.967741935483871,1.0049653053283691,1.4737316370010376,1.9703826904296875,-1.0
13,0,0,0.52,0.799186646938324,2.658484935760498,3.907337188720703,-1.0
13,1,100,0.56,2.6192636489868164,1.4705322980880737,4.363956451416016,-1.0
13,2,101,0.52,-0.7008089423179626,1.6511536836624146,3.609224319458008,-1.0
13,3,102,0.92,-0.03837241977453232,3.0255322456359863,2.2528295516967773,-1.0
13,4,103,0.88,0.008390232920646667,1.7723537683486938,2.6039700508117676,-1.0
13,5,104,0.6,0.05273227393627167,1.8535078763961792,4.418935298919678,-1.0
13,6,105,0.64,-0.0843948945403099,1.7002856731414795,3.9138166904449463,-1.0
13,7,106,2.04,0.1489289402961731,1.3158305883407593,1.877947449684143,-1.0
14,0,0,0.2,4.191952705383301,1.7206045389175415,4.205082893371582,7.191952705383301
14,1,100,0.24,-0.39994263648986816,1.3156094551086426,3.5233120918273926,2.600057363510132
14,2,101,0.12,1.3035956621170044,1.3463068008422852,3.5611727237701416,4.303595662117004
14,3,102,0.28,3.0918703079223633,3.242000102996826,4.389346122741699,6.091870307922363
14,4,103,0.2,3.227299690246582,3.2164127826690674,4.30716609954834,6.227299690246582
14,5,104,0.68,-1.55692720413208,1.3249696493148804,2.0161240100860596,-1.0
14,6,105,0.32,0.04337534308433533,1.3089033365249634,3.0621817111968994,-1.0
14,7,106,0.2,4.475967884063721,1.4753390550613403,4.218822479248047,7.475967884063721
15,0,0,0.2727272727272727,2.498579502105713,1.5153604745864868,4.152432918548584,5.498579502105713
15,1,100,0.2727272727272727,1.6226274967193604,1.329785704612732,3.054004669189453,4.62262749671936
15,2,101,0.7727272727272727,-1.6984003782272339,1.765452265739441,3.3812153339385986,-1.0
15,3,102,0.4090909090909091,1.5030426979064941,1.3118607997894287,3.8274757862091064,-1.0
15,4,103,0.8181818181818182,-0.5346012115478516,1.7523579597473145,2.52268123626709,-1.0
15,5,104,0.5909090909090909,2.9477434158325195,1.436484932899475,3.7737884521484375,-1.0
15,6,105,0.6363636363636364,1.696678638458252,1.4010999202728271,4.108351707458496,-1.0
15,7,106,0.3181818181818182,2.036611318588257,1.3606035709381104,4.45454216003418,-1.0
16,0,0,0.2916666666666667,-1.071203351020813,3.40921688079834,3.468623161315918,1.928796648979187
16,1,100,0.2916666666666667,-0.6855751276016235,4.152665138244629,4.343666076660156,2.3144248723983765
16,2,101,0.2916666666666667,0.2990746796131134,3.493436336517334,4.14302396774292,3.2990746796131134
16,3,102,0.25,-0.7817974090576172,3.5720505714416504,4.387386798858643,2.218202590942383
16,4,103,0.4166666666666667,-0.9470551609992981,2.98209547996521,2.980132818222046,-1.0
16,5,104,0.375,-0.23186829686164856,2.9702515602111816,3.909207820892334,-1.0
16,6,105,0.375,-0.6210525631904602,3.691318988800049,4.047141075134277,-1.0
16,7,106,1.0,0.011651664972305298,1.8442894220352173,2.0290355682373047,-1.0
17,0,0,0.2857142857142857,0.3657158613204956,1.3458316326141357,3.229691505432129,3.3657158613204956
17,1,100,0.14285714285714285,0.408453106880188,1.4969841241836548,3.6726455688476562,3.408453106880188
17,2,101,0.23809523809523808,0.9675202965736389,1.5638848543167114,4.022189140319824,3.967520296573639
17,3,102,0.09523809523809523,2.964364767074585,2.1164398193359375,3.9229393005371094,6.464364767074585
17,4,103,0.19047619047619047,3.4611082077026367,2.033451795578003,4.243127822875977,6.461108207702637
17,5,104,0.09523809523809523,1.5304272174835205,1.4242291450500488,3.9283902645111084,5.0304272174835205
17,6,105,0.2857142857142857,1.6236809492111206,1.3688122034072876,3.733325958251953,4.623680949211121
17,7,106,0.5714285714285714,-0.02699575573205948,1.609626293182373,3.346285581588745,-1.0
18,0,0,0.13793103448275862,-0.5645351409912109,1.308543086051941,3.476658821105957,2.435464859008789
18,1,100,0.13793103448275862,0.2633943259716034,1.3934886455535889,4.185269355773926,3.2633943259716034
18,2,101,0.5517241379310345,0.06296555697917938,1.9470285177230835,3.444699764251709,-1.0
18,3,102,0.10344827586206896,1.6841447353363037,1.4162907600402832,4.235431671142578,4.684144735336304
18,4,103,0.06896551724137931,2.6972439289093018,2.2352259159088135,4.459217071533203,6.197243928909302
18,5,104,0.10344827586206896,3.0576999187469482,2.3790714740753174,4.396306991577148,6.057699918746948
18,6,105,0.10344827586206896,3.0199761390686035,1.436797022819519,4.019704341888428,6.0199761390686035
18,7,106,0.06896551724137931,2.2528905868530273,1.5681636333465576,3.8950793743133545,5.752890586853027
19,0,0,0.08695652173913043,-1.1585270166397095,3.8023569583892822,4.547257900238037,2.3414729833602905
19,1,100,0.0,-1.336364984512329,3.7453229427337646,4.436008453369141,2.163635015487671
19,2,101,0.043478260869565216,-1.428308367729187,4.205116271972656,4.530547142028809,2.071691632270813
19,3,102,0.043478260869565216,-0.8017755746841431,3.583336353302002,4.553430557250977,2.698224425315857
19,4,103,0.043478260869565216,-0.8859621286392212,3.6641287803649902,4.442935943603516,2.614037871360779
19,5,104,0.0,-1.3776715993881226,4.060363292694092,4.468677043914795,2.1223284006118774
19,6,105,0.043478260869565216,-0.8272544145584106,4.28947639465332,4.565781116485596,2.6727455854415894
19,7,106,0.0,-0.5070021152496338,4.112995624542236,4.503130912780762,2.992997884750366
20,0,0,0.09523809523809523,0.731784462928772,3.284644842147827,4.494306564331055,4.231784462928772
20,1,100,2.0476190476190474,-0.6726945638656616,1.34464693069458,2.1014821529388428,-1.0
20,2,101,0.47619047619047616,1.3997145891189575,3.0611910820007324,4.362901210784912,-1.0
20,3,102,0.23809523809523808,0.7910181879997253,1.3302958011627197,3.2866225242614746,3.7910181879997253
20,4,103,0.19047619047619047,2.4533700942993164,1.9161094427108765,4.157662391662598,5.453370094299316
20,5,104,0.19047619047619047,0.026305271312594414,1.3391841650009155,3.165334701538086,3.0263052713125944
20,6,105,1.0,-1.710303783416748,1.3691132068634033,1.8849483728408813,-1.0
20,7,106,0.38095238095238093,0.9690442681312561,1.3667629957199097,3.3716964721679688,-1.0
21,0,0,0.047619047619047616,-0.4753924608230591,4.232544898986816,4.576282501220703,3.024607539176941
21,1,100,0.14285714285714285,0.3873072862625122,3.989891290664673,4.576076507568359,3.387307286262512
21,2,101,0.047619047619047616,-0.3702029883861542,3.8035502433776855,4.529297828674316,3.129797011613846
21,3,102,0.09523809523809523,1.6462715864181519,3.8498730659484863,4.268561840057373,5.146271586418152
21,4,103,0.047619047619047616,-1.2962250709533691,3.733471632003784,4.392650604248047,2.203774929046631
21,5,104,0.047619047619047616,-0.1426767110824585,4.198428153991699,4.428860664367676,3.3573232889175415
21,6,105,0.047619047619047616,-0.339000940322876,4.32303524017334,4.366260051727295,3.160999059677124
21,7,106,0.047619047619047616,1.6903527975082397,4.382759094238281,4.345104694366455,5.19035279750824
22,0,0,0.0,-1.2381000518798828,3.2929275035858154,4.530662536621094,2.261899948120117
22,1,100,0.0,-1.2521631717681885,2.8316826820373535,4.475494384765625,2.2478368282318115
22,2,101,0.0,-0.414291113615036,3.0299363136291504,4.43205451965332,3.085708886384964
22,3,102,0.0,-1.2714722156524658,3.4746975898742676,4.505823135375977,2.228527784347534
22,4,103,0.0,0.11860039830207825,3.351593494415283,4.452086448669434,3.6186003983020782
22,5,104,0.0,-1.2500011920928955,3.7555601596832275,4.470810890197754,2.2499988079071045
22,6,105,0.0,-0.8882554173469543,3.618812322616577,4.4347991943359375,2.6117445826530457
22,7,106,0.0,0.07232779264450073,2.961395740509033,4.171478271484375,3.5723277926445007
23,0,0,0.043478260869565216,-1.843963623046875,3.7578210830688477,4.416787147521973,1.656036376953125
23,1,100,0.0,0.4509221017360687,3.4163434505462646,4.287232398986816,3.9509221017360687
23,2,101,0.043478260869565216,-0.6602540016174316,3.821659564971924,4.483819961547852,2.8397459983825684
23,3,102,0.043478260869565216,-1.1021493673324585,3.4220709800720215,4.4078755378723145,2.3978506326675415
23,4,103,0.0,-1.2009083032608032,3.4885196685791016,4.375340461730957,2.2990916967391968
23,5,104,0.043478260869565216,-1.0906552076339722,3.7607343196868896,4.402468204498291,2.409344792366028
23,6,105,0.043478260869565216,-0.6617652773857117,3.0715532302856445,4.192420959472656,2.8382347226142883
23,7,106,0.0,-1.1386357545852661,3.64245867729187,4.364433288574219,2.361364245414734
24,0,0,0.03571428571428571,-0.6633607745170593,3.0058839321136475,4.478639125823975,2.8366392254829407
24,1,100,0.03571428571428571,0.5776519179344177,3.390939235687256,4.504194736480713,4.077651917934418
24,2,101,0.03571428571428571,-1.3111165761947632,3.684835910797119,4.457574844360352,2.188883423805237
24,3,102,0.03571428571428571,-0.9425537586212158,3.281552314758301,4.4910664558410645,2.557446241378784
24,4,103,0.03571428571428571,-1.0957460403442383,2.7732722759246826,4.517788410186768,2.4042539596557617
24,5,104,0.03571428571428571,-1.5427125692367554,3.7495830059051514,4.465813636779785,1.9572874307632446
24,6,105,0.03571428571428571,-1.6744259595870972,4.081043720245361,4.516100883483887,1.8255740404129028
24,7,106,0.0,-1.3665962219238281,3.4670143127441406,4.4575581550598145,2.133403778076172
25,0,0,0.0,-0.4648638963699341,3.1555821895599365,4.358884811401367,3.035136103630066
25,1,100,0.0,7.310882210731506e-05,2.994168519973755,4.300250053405762,3.5000731088221073
25,2,101,0.0,-0.5300015211105347,2.740293264389038,4.231381416320801,2.9699984788894653
25,3,102,0.0,0.21009954810142517,3.039616584777832,4.518291473388672,3.710099548101425
25,4,103,0.0,0.2957424521446228,3.3035216331481934,4.1125030517578125,3.795742452144623
25,5,104,0.08,-1.8786324262619019,4.143320083618164,4.477967739105225,1.6213675737380981
25,6,105,0.08,-0.7085466980934143,3.0941860675811768,4.407774448394775,2.7914533019065857
25,7,106,0.0,-0.20564815402030945,3.1732890605926514,4.423818111419678,3.2943518459796906
26,0,0,0.07407407407407407,-0.8968802094459534,4.217390060424805,4.505379676818848,2.6031197905540466
26,1,100,0.037037037037037035,-0.900035560131073,4.219544410705566,4.60414981842041,2.599964439868927
26,2,101,0.0,-1.5291346311569214,4.3255228996276855,4.569186210632324,1.9708653688430786
26,3,102,0.0,-1.6591907739639282,4.290799617767334,4.537759780883789,1.8408092260360718
26,4,103,0.0,-1.2227258682250977,4.240331172943115,4.496686935424805,2.2772741317749023
26,5,104,0.037037037037037035,-0.2757234573364258,3.701333522796631,4.5187249183654785,3.224276542663574
26,6,105,0.0,-1.3878772258758545,4.099691390991211,4.528740406036377,2.1121227741241455
26,7,106,0.0,-0.6976167559623718,4.004887580871582,4.471034526824951,2.802383244037628
27,0,0,0.1111111111111111,-1.9024124145507812,4.0676703453063965,4.536422252655029,1.0975875854492188
27,1,100,0.07407407407407407,0.19179418683052063,3.3383452892303467,4.472606182098389,3.6917941868305206
27,2,101,0.1111111111111111,-1.8259737491607666,3.8560876846313477,4.520567893981934,1.1740262508392334
27,3,102,0.037037037037037035,-1.0053472518920898,3.4565277099609375,4.450677394866943,2.49465274810791
27,4,103,0.0,-1.529665231704712,3.7921481132507324,4.544337272644043,1.970334768295288
27,5,104,0.1111111111111111,-1.936035394668579,4.067007064819336,4.455920219421387,1.063964605331421
27,6,105,0.037037037037037035,-1.0203057527542114,3.7910823822021484,4.513195037841797,2.4796942472457886
27,7,106,0.037037037037037035,-1.7569615840911865,3.963338851928711,4.495244979858398,1.7430384159088135
28,0,0,0.045454545454545456,-1.2838717699050903,3.5159988403320312,4.549267768859863,2.2161282300949097
28,1,100,0.0,-0.47517913579940796,3.6055126190185547,4.527035713195801,3.024820864200592
28,2,101,0.09090909090909091,-1.3241513967514038,4.262810707092285,4.579270362854004,2.175848603248596
28,3,102,0.0,-0.7447595000267029,3.826233148574829,4.528554916381836,2.755240499973297
28,4,103,0.045454545454545456,-0.5659992694854736,3.8555705547332764,4.534555435180664,2.9340007305145264
28,5,104,0.0,-0.3338748812675476,2.7917566299438477,4.467681884765625,3.1661251187324524
28,6,105,0.0,-1.5241986513137817,4.2345733642578125,4.416024208068848,1.9758013486862183
28,7,106,0.045454545454545456,-1.297340750694275,4.062885284423828,4.554864883422852,2.202659249305725
29,0,0,0.0,-1.8971384763717651,3.717348098754883,4.535500526428223,1.6028615236282349
29,1,100,0.038461538461538464,-1.386038064956665,3.5218968391418457,4.443190574645996,2.113961935043335
29,2,101,0.038461538461538464,-1.8323638439178467,3.8526437282562256,4.526186943054199,1.6676361560821533
29,3,102,0.038461538461538464,-1.99481201171875,3.881087303161621,4.524375915527344,1.50518798828125
29,4,103,0.038461538461538464,-2.2345519065856934,4.245977401733398,4.508509635925293,1.2654480934143066
29,5,104,0.038461538461538464,-1.8687928915023804,3.9352610111236572,4.571478843688965,1.6312071084976196
29,6,105,0.0,-1.1858899593353271,4.051562786102295,4.561250686645508,2.314110040664673
29,7,106,0.038461538461538464,-1.2235336303710938,3.7750539779663086,4.507062911987305,2.2764663696289062
30,0,0,0.36363636363636365,2.663848876953125,1.4959176778793335,3.986260175704956,-1.0
30,1,100,0.13636363636363635,3.414978265762329,1.6206684112548828,3.902431011199951,6.414978265762329
30,2,101,0.13636363636363635,2.9364328384399414,1.8045461177825928,4.515435218811035,5.936432838439941
30,3,102,0.13636363636363635,0.7279430627822876,1.6327929496765137,4.206482410430908,3.7279430627822876
30,4,103,0.13636363636363635,3.7478976249694824,1.9675084352493286,4.277292251586914,6.747897624969482
30,5,104,0.4090909090909091,1.8456367254257202,1.440753698348999,3.4225449562072754,-1.0
30,6,105,0.09090909090909091,0.6296206116676331,1.4935321807861328,4.004743576049805,4.129620611667633
30,7,106,0.09090909090909091,-0.06999856233596802,1.377509593963623,3.9501936435699463,3.430001437664032
31,0,0,0.17857142857142858,2.653447389602661,1.3573155403137207,3.439222812652588,5.653447389602661
31,1,100,0.42857142857142855,-0.31585678458213806,1.3204494714736938,3.94575834274292,-1.0
31,2,101,0.17857142857142858,1.658117413520813,1.43955397605896,3.8846096992492676,4.658117413520813
31,3,102,0.2857142857142857,3.615067720413208,1.3462330102920532,3.6472725868225098,6.615067720413208
31,4,103,0.8571428571428571,0.7389331459999084,2.063181161880493,2.365396022796631,-1.0
31,5,104,0.17857142857142858,2.3664820194244385,1.9422963857650757,3.8753561973571777,5.3664820194244385
31,6,105,0.4642857142857143,1.9221919775009155,1.3482180833816528,3.3938145637512207,-1.0
31,7,106,0.7857142857142857,0.11189806461334229,1.3353338241577148,2.3360369205474854,-1.0
32,0,0,0.0,-2.1327242851257324,3.860642910003662,4.294172286987305,1.3672757148742676
32,1,100,0.0,-2.5045363903045654,3.5687975883483887,4.114416122436523,0.9954636096954346
32,2,101,0.0,-1.4597820043563843,4.174511432647705,4.539123058319092,2.0402179956436157
32,3,102,0.0,-2.079486608505249,3.248138427734375,4.402316570281982,1.420513391494751
32,4,103,0.10714285714285714,-1.6925796270370483,3.8326244354248047,4.371163368225098,1.3074203729629517
32,5,104,0.10714285714285714,-2.3315060138702393,3.8542861938476562,4.083044052124023,0.6684939861297607
32,6,105,0.03571428571428571,-1.0157432556152344,2.484792947769165,3.7218565940856934,2.4842567443847656
32,7,106,0.03571428571428571,-1.794780969619751,4.223562240600586,4.223321914672852,1.705219030380249
33,0,0,0.16666666666666666,-0.9422636032104492,3.50359845161438,4.535123348236084,2.057736396789551
33,1,100,0.03333333333333333,-0.6012334823608398,4.043370723724365,4.563300609588623,2.89876651763916
33,2,101,0.0,-0.21338188648223877,4.090824604034424,4.561995506286621,3.2866181135177612
33,3,102,0.23333333333333334,-1.1829787492752075,3.5914299488067627,4.539585113525391,1.8170212507247925
33,4,103,0.16666666666666666,-0.6155762076377869,3.7025527954101562,4.586172103881836,2.384423792362213
33,5,104,0.26666666666666666,3.7286624908447266,3.7536659240722656,4.553466796875,6.728662490844727
33,6,105,0.3,-1.1995741128921509,2.9284167289733887,4.492561340332031,1.8004258871078491
33,7,106,0.1,-0.7210804224014282,3.095555067062378,4.5697174072265625,2.7789195775985718
34,0,0,0.03333333333333333,-1.9715914726257324,2.8198249340057373,3.9316654205322266,1.5284085273742676
34,1,100,0.06666666666666667,-1.6335804462432861,3.397841691970825,4.424809455871582,1.8664195537567139
34,2,101,0.03333333333333333,-0.18164747953414917,2.5404958724975586,4.24770450592041,3.318352520465851
34,3,102,0.06666666666666667,-1.870778203010559,3.6576101779937744,4.324732780456543,1.629221796989441
34,4,103,0.03333333333333333,-0.9593967795372009,4.082849025726318,4.410378456115723,2.540603220462799
34,5,104,0.03333333333333333,-1.9044510126113892,4.008663177490234,4.477008819580078,1.5955489873886108
34,6,105,0.03333333333333333,-2.0710885524749756,4.047060012817383,4.475697040557861,1.4289114475250244
34,7,106,0.06666666666666667,0.43556439876556396,3.092883825302124,4.4248456954956055,3.935564398765564
35,0,0,0.0,-0.10931310802698135,3.127328872680664,4.336967468261719,3.3906868919730186
35,1,100,0.15384615384615385,-0.5562703013420105,3.5235514640808105,4.286787986755371,2.4437296986579895
35,2,101,0.15384615384615385,-0.9484055042266846,3.2702019214630127,4.493249893188477,2.0515944957733154
35,3,102,0.15384615384615385,-0.28371569514274597,3.0426342487335205,4.433943748474121,2.716284304857254
35,4,103,0.15384615384615385,-0.4798318147659302,3.9755568504333496,4.394406318664551,2.52016818523407
35,5,104,0.3076923076923077,-1.4862065315246582,3.777189016342163,4.445250511169434,-1.0
35,6,105,0.2692307692307692,-0.9960920214653015,3.653290271759033,4.286968231201172,2.0039079785346985
35,7,106,0.11538461538461539,-0.3927170932292938,3.2657692432403564,4.491646766662598,2.607282906770706
36,0,0,1.0,-1.3956644535064697,1.4976170063018799,1.9459151029586792,-1.0
36,1,100,1.064516129032258,1.3819997310638428,1.2891664505004883,2.9326748847961426,-1.0
36,2,101,0.5161290322580645,-0.14885425567626953,1.53638756275177,3.758831024169922,-1.0
36,3,102,0.3870967741935484,0.0897534191608429,2.1052932739257812,3.0807929039001465,-1.0
36,4,103,0.8709677419354839,-1.1337800025939941,1.4100276231765747,2.5619115829467773,-1.0
36,5,104,0.5161290322580645,1.3402743339538574,1.997513771057129,3.99472975730896,-1.0
36,6,105,0.4838709677419355,0.8784161806106567,1.3334687948226929,3.62593936920166,-1.0
36,7,106,1.3870967741935485,-0.6964091062545776,2.364227056503296,3.6832666397094727,-1.0
37,0,0,0.41379310344827586,2.1516618728637695,3.081076145172119,4.321298599243164,-1.0
37,1,100,0.8275862068965517,0.3583405911922455,1.6962640285491943,3.0434398651123047,-1.0
37,2,101,0.4827586206896552,-0.3445800840854645,1.5560274124145508,3.7055845260620117,-1.0
37,3,102,0.4827586206896552,-1.1496469974517822,1.5712388753890991,3.881704092025757,-1.0
37,4,103,0.6551724137931034,-0.9852206110954285,3.7704367637634277,4.2683024406433105,-1.0
37,5,104,0.3448275862068966,0.30427879095077515,2.8573455810546875,4.217863082885742,-1.0
37,6,105,0.3103448275862069,1.712440013885498,2.1504087448120117,3.9205846786499023,-1.0
37,7,106,0.3793103448275862,2.461747884750366,1.7895393371582031,3.7614636421203613,-1.0
38,0,0,0.28125,-0.8849466443061829,3.2634341716766357,4.2476911544799805,2.115053355693817
38,1,100,0.09375,0.3594863712787628,3.0192718505859375,4.565176486968994,3.859486371278763
38,2,101,0.15625,0.36342644691467285,3.980005979537964,4.501357555389404,3.363426446914673
38,3,102,0.875,0.055806439369916916,1.261427879333496,2.2230186462402344,-1.0
38,4,103,0.15625,3.6831719875335693,3.087719202041626,4.496232986450195,6.683171987533569
38,5,104,0.3125,1.0620602369308472,3.261127233505249,4.524943828582764,-1.0
38,6,105,0.15625,1.828460931777954,3.369629144668579,4.2368950843811035,4.828460931777954
38,7,106,0.0625,0.2473512887954712,3.338289260864258,4.350593090057373,3.747351288795471
39,0,0,0.0,0.11600852757692337,3.6238183975219727,4.220567226409912,3.6160085275769234
39,1,100,0.0,-1.2573961019515991,3.988267421722412,4.424074172973633,2.242603898048401
39,2,101,0.03333333333333333,-0.18287110328674316,3.3519287109375,4.29221773147583,3.317128896713257
39,3,102,0.03333333333333333,-0.5501177906990051,3.3435301780700684,4.56784200668335,2.949882209300995
39,4,103,0.0,0.2849774658679962,3.4307234287261963,4.50960111618042,3.784977465867996
39,5,104,0.1,-1.3920742273330688,3.472327709197998,4.508853435516357,2.107925772666931
39,6,105,0.0,-0.8930926322937012,3.0789709091186523,4.319259166717529,2.606907367706299
39,7,106,0.03333333333333333,-1.7871007919311523,3.5735409259796143,4.517884731292725,1.7128992080688477
40,0,0,0.03571428571428571,-1.4933416843414307,4.2022881507873535,4.590610980987549,2.0066583156585693
40,1,100,0.03571428571428571,-1.399711012840271,3.9384796619415283,4.572482109069824,2.100288987159729
40,2,101,0.10714285714285714,0.3193472623825073,3.147369146347046,4.582370758056641,3.3193472623825073
40,3,102,0.03571428571428571,-0.9756129384040833,3.784480094909668,4.5572686195373535,2.5243870615959167
40,4,103,0.03571428571428571,-1.4318548440933228,4.156866073608398,4.545538902282715,2.0681451559066772
40,5,104,0.03571428571428571,-1.1300991773605347,4.19412088394165,4.553689479827881,2.3699008226394653
40,6,105,0.0,-1.5566725730895996,4.212641716003418,4.5611371994018555,1.9433274269104004
40,7,106,0.03571428571428571,-1.3019909858703613,3.9450464248657227,4.584115505218506,2.1980090141296387
41,0,0,0.375,-1.8557723760604858,3.6250147819519043,4.225684642791748,-1.0
41,1,100,0.25,-1.1963365077972412,3.9456982612609863,4.368796348571777,1.8036634922027588
41,2,101,0.08333333333333333,-1.5945955514907837,3.634796142578125,4.386026859283447,1.9054044485092163
41,3,102,0.16666666666666666,-1.8492199182510376,3.7060346603393555,4.285932540893555,1.1507800817489624
41,4,103,0.3333333333333333,-1.1679116487503052,3.3617069721221924,4.352220058441162,-1.0
41,5,104,0.16666666666666666,-1.2198556661605835,3.2748513221740723,4.30252742767334,1.7801443338394165
41,6,105,0.20833333333333334,-2.4422004222869873,4.040162563323975,4.377701759338379,0.5577995777130127
41,7,106,0.2916666666666667,-1.3200517892837524,3.579174280166626,4.439178466796875,1.6799482107162476
42,0,0,0.14285714285714285,-1.5011428594589233,4.011479377746582,4.5336833000183105,1.4988571405410767
42,1,100,0.07142857142857142,-1.6837025880813599,4.111736297607422,4.482212543487549,1.8162974119186401
42,2,101,0.03571428571428571,-1.0423344373703003,3.5725417137145996,4.474599838256836,2.4576655626296997
42,3,102,0.07142857142857142,0.00022191926836967468,3.4298923015594482,4.516921043395996,3.5002219192683697
42,4,103,0.10714285714285714,-0.3585779070854187,3.403895139694214,4.480062484741211,2.6414220929145813
42,5,104,0.10714285714285714,-0.9891437888145447,3.511568069458008,4.389014720916748,2.0108562111854553
42,6,105,0.07142857142857142,-1.4454569816589355,3.9635255336761475,4.477104663848877,2.0545430183410645
42,7,106,0.10714285714285714,-1.948083758354187,3.9553089141845703,4.498291492462158,1.051916241645813
43,0,0,0.0,-1.1850827932357788,4.05604887008667,4.27932071685791,2.314917206764221
43,1,100,0.0,-2.003850221633911,3.992238998413086,4.168560028076172,1.4961497783660889
43,2,101,0.058823529411764705,-2.240043878555298,1.4547959566116333,3.798821449279785,1.2599561214447021
43,3,102,0.0,-2.4437737464904785,3.9430582523345947,3.9841926097869873,1.0562262535095215
43,4,103,0.08823529411764706,-2.4222359657287598,3.795928716659546,4.261804580688477,1.0777640342712402
43,5,104,0.08823529411764706,-1.1154760122299194,2.5206243991851807,3.5424435138702393,2.3845239877700806
43,6,105,0.029411764705882353,-1.5080424547195435,4.294328689575195,4.500772476196289,1.9919575452804565
43,7,106,0.0,-2.829925298690796,3.968346357345581,4.321749210357666,0.6700747013092041
44,0,0,0.02857142857142857,-1.9788100719451904,3.464766502380371,4.49595832824707,1.5211899280548096
44,1,100,0.05714285714285714,-1.4030981063842773,4.064863681793213,4.377547264099121,2.0969018936157227
44,2,101,0.02857142857142857,-1.9332396984100342,3.1927661895751953,4.330821990966797,1.5667603015899658
44,3,102,0.05714285714285714,-1.7342567443847656,3.851090908050537,4.308023929595947,1.7657432556152344
44,4,103,0.05714285714285714,-1.7619106769561768,3.9515504837036133,4.398563385009766,1.7380893230438232
44,5,104,0.05714285714285714,-1.9642188549041748,4.049004554748535,4.489166259765625,1.5357811450958252
44,6,105,0.05714285714285714,-1.3245092630386353,4.15458345413208,4.439565658569336,2.1754907369613647
44,7,106,0.08571428571428572,-0.740348219871521,4.0183796882629395,4.391841888427734,2.759651780128479
45,0,0,0.0,-0.8486840724945068,3.7199997901916504,4.539090633392334,2.651315927505493
45,1,100,0.06060606060606061,-3.056152820587158,3.739859104156494,4.051958084106445,0.5
45,2,101,0.0,-0.9675020575523376,3.1525728702545166,4.323737144470215,2.5324979424476624
45,3,102,0.0,-1.3166260719299316,3.748106002807617,4.291773319244385,2.1833739280700684
45,4,103,0.09090909090909091,-1.2481459379196167,4.248772621154785,4.487109184265137,2.2518540620803833
45,5,104,0.06060606060606061,-0.9518045783042908,3.2526588439941406,4.438335418701172,2.5481954216957092
45,6,105,0.06060606060606061,-2.3446085453033447,3.8691904544830322,4.378756999969482,1.1553914546966553
45,7,106,0.06060606060606061,-1.5523005723953247,4.040492057800293,4.379965305328369,1.9476994276046753
46,0,0,0.6428571428571429,-0.7789760828018188,3.9036054611206055,4.259379863739014,-1.0
46,1,100,0.8928571428571429,-1.8912431001663208,4.188982963562012,4.531244277954102,-1.0
46,2,101,1.0714285714285714,-0.44881072640419006,2.7321970462799072,4.1748127937316895,-1.0
46,3,102,0.8928571428571429,-1.1506762504577637,2.443631887435913,3.0027458667755127,-1.0
46,4,103,0.5714285714285714,0.3259803354740143,3.8737235069274902,4.373933792114258,-1.0
46,5,104,0.5714285714285714,0.004729859530925751,3.9842357635498047,4.268458843231201,-1.0
46,6,105,0.7142857142857143,-0.21693816781044006,2.874865770339966,4.204869270324707,-1.0
46,7,106,0.9285714285714286,-1.5332120656967163,3.3009302616119385,4.30924129486084,-1.0
47,0,0,0.0,-1.6249361038208008,4.150181293487549,4.603487014770508,1.8750638961791992
47,1,100,0.0,-1.4894254207611084,4.108002185821533,4.602453231811523,2.0105745792388916
47,2,101,0.0,-1.5270531177520752,3.7109127044677734,4.600709438323975,1.9729468822479248
47,3,102,0.0,-1.9056893587112427,3.8404359817504883,4.5583014488220215,1.5943106412887573
47,4,103,0.0,-1.1381479501724243,3.5679924488067627,4.630026340484619,2.3618520498275757
47,5,104,0.0,-1.4485034942626953,3.5449445247650146,4.494008541107178,2.0514965057373047
47,6,105,0.0,-1.3646384477615356,3.140369176864624,4.578782081604004,2.1353615522384644
47,7,106,0.0,-1.1363807916641235,3.176022529602051,4.544671058654785,2.3636192083358765
48,0,0,0.03508771929824561,-1.6837702989578247,3.3332390785217285,4.4588165283203125,1.8162297010421753
48,1,100,0.017543859649122806,-1.0937917232513428,2.7331507205963135,4.474279403686523,2.4062082767486572
48,2,101,0.0,-1.5540947914123535,3.452702522277832,4.416439533233643,1.9459052085876465
48,3,102,0.0,-0.5693813562393188,3.632983446121216,4.424614429473877,2.930618643760681
48,4,103,0.03508771929824561,-1.5250352621078491,3.8148298263549805,4.533333778381348,1.9749647378921509
48,5,104,0.017543859649122806,-1.2734295129776,3.825500726699829,4.5055952072143555,2.2265704870224
48,6,105,0.05263157894736842,-0.8084051012992859,3.849719762802124,3.726994514465332,2.691594898700714
48,7,106,0.0,-1.2316571474075317,3.495326280593872,4.557981491088867,2.2683428525924683
49,0,0,0.017543859649122806,1.4390608072280884,3.6019093990325928,4.3434553146362305,4.939060807228088
49,1,100,0.24561403508771928,-0.21624374389648438,2.9964966773986816,3.5358567237854004,2.7837562561035156
49,2,101,0.10526315789473684,0.7738180160522461,2.1794826984405518,4.140546798706055,3.773818016052246
49,3,102,0.03508771929824561,-0.025765076279640198,1.9275689125061035,3.8621883392333984,3.47423492372036
49,4,103,0.03508771929824561,1.2091126441955566,3.5081002712249756,4.453119277954102,4.709112644195557
49,5,104,0.8947368421052632,1.7061973810195923,2.3809807300567627,3.2950356006622314,-1.0
49,6,105,0.03508771929824561,1.6060231924057007,1.7414038181304932,3.9079084396362305,5.106023192405701
49,7,106,0.017543859649122806,2.0069754123687744,2.267519235610962,4.276199817657471,5.506975412368774
