path,axis,side,item_idx,size_bytes,sha256
data/audio_samples/en_animescore/base/000.wav,en_animescore,base,0,116524,4fbf41162c1fbd1bb6cc04479b76e888bc96732fc0e05da61b77ed46ba64d856
data/audio_samples/en_animescore/base/001.wav,en_animescore,base,1,174764,d00e0f9a2827c4e549447addc71fa8956f25ad2ccd259e905ab726d00adc761e
data/audio_samples/en_animescore/base/002.wav,en_animescore,base,2,149804,7251242c8c7beb96adc3968dc3a7ae725a7bdf5ab85509c055e98ac01a91a2d8
data/audio_samples/en_animescore/base/003.wav,en_animescore,base,3,162604,a1874bc66edf621d74a0f6883e19320bf8a603d4a4d92e8e265e28d862ec78ab
data/audio_samples/en_animescore/base/004.wav,en_animescore,base,4,179884,2a499580d5693039023cab3a56a68c5ecc38411abbcc32c5ae23fc72ec00d2a9
data/audio_samples/en_animescore/base/005.wav,en_animescore,base,5,169004,cee1b001cde69e40d1ff96f805a6d50e28894437f237d714b14238b1cc877fb9
data/audio_samples/en_animescore/base/006.wav,en_animescore,base,6,165804,eb4828783b72fb30fb526042943ab12f62eaabe7e1c1d436558f46b2787e8cf6
data/audio_samples/en_animescore/base/007.wav,en_animescore,base,7,144044,b425dd81c2c394ee6b0306254b95b20d3153515ba7bd70b2bb47543754d5cdbf
data/audio_samples/en_animescore/base/008.wav,en_animescore,base,8,199084,b7ba1c1e540299e67d2a9ad56b16cdfe1f78e4b7ae5c417d3c57836880e0356f
data/audio_samples/en_animescore/base/009.wav,en_animescore,base,9,154284,b4ec3d790d1727ba9cf81e14058521bd3183f4b3f93aea80e86a6bcd788b64a5
data/audio_samples/en_animescore/base/010.wav,en_animescore,base,10,190764,1e31a795168a0694ec6d4159077ce81a4fae5c390e1f3ba211cefe4e1a663416
data/audio_samples/en_animescore/base/011.wav,en_animescore,base,11,154284,cbfee94c02f2b2ca46adfd9e8f6cf57ba11429a2fd2154e4cfe7be5cd31ca80a
data/audio_samples/en_animescore/base/012.wav,en_animescore,base,12,262444,a1be6efffbe28dcbe4b0ad08507b5fdf7b03f38caba1b306706b5b9fedeeb6ce
data/audio_samples/en_animescore/base/013.wav,en_animescore,base,13,173484,c6b2ac7e3381b2e5d85ccad69d0ed6db94ee85ff7ef7c863314c5d439761ef4a
data/audio_samples/en_animescore/base/014.wav,en_animescore,base,14,188204,acd098166d5c6a967e4d74fd9c0d4ad1ff800a27bbd7ce182fa2125235a95f6d
data/audio_samples/en_animescore/base/015.wav,en_animescore,base,15,194604,b1880db0a7b8a9fdc4bf6520ccf613c153d210a3b298d9fc8238d07a1c0b3fce
data/audio_samples/en_animescore/base/016.wav,en_animescore,base,16,313644,c9fe9c103477a08498bf9b471bf438cd201c8f84b07071231ea7259094d1c889
data/audio_samples/en_animescore/base/017.wav,en_animescore,base,17,156844,d3a0f2605636966f41b04cbc57b4184a54284407857b1214ff6b36a820946a44
data/audio_samples/en_animescore/base/018.wav,en_animescore,base,18,162604,25ec5fd6197a608858423ad87b8c1bb51433fea176678fbfb0a11ec2e68f72e9
data/audio_samples/en_animescore/base/019.wav,en_animescore,base,19,121644,0741bb67a6db96d40509a4257f054dc694f5737e174156d50076c96646344a00
data/audio_samples/en_animescore/base/020.wav,en_animescore,base,20,183084,8741198c792d357553361fbd6f34ae6b43aea1478ba31431ed31e6ac89803f9b
data/audio_samples/en_animescore/base/021.wav,en_animescore,base,21,165804,b537e51a20fd1d5b5d95ba1fe4af2d94b74dd6bdea35a48a23b86cc277f82cb0
data/audio_samples/en_animescore/base/022.wav,en_animescore,base,22,136364,92b15038678844a43c68f189e9c52ba75b3f594546ff60ce7ef328de525b9e70
data/audio_samples/en_animescore/base/023.wav,en_animescore,base,23,267564,5693ff5eb16bc0ac6adc7614fe9bfc9256d8a013a5efdbdd4ede402ee6d4228c
data/audio_samples/en_animescore/base/024.wav,en_animescore,base,24,123564,c0703db5221b46d82e5f9014afd9d757daa869457a7117abdd5ef37bf3159f8d
data/audio_samples/en_animescore/base/025.wav,en_animescore,base,25,153644,fe1ca78fdea2e2736233a0adbc8f4f498913602b19b6cc3c40807bd8b99c1d56
data/audio_samples/en_animescore/base/026.wav,en_animescore,base,26,142124,4ce96052effd5a878d0526f0f8600456ccf8a7a525d7f93238dcf7cb0e5ff8f8
data/audio_samples/en_animescore/base/027.wav,en_animescore,base,27,148524,ebedd6598b4e51f8350486552201316ebdb00dc9083514524695ff5d5c71beee
data/audio_samples/en_animescore/base/028.wav,en_animescore,base,28,177964,9b331c824d517c7270ff2c312bb625ee1d6daa944aca66156611b6a17d6b4f68
data/audio_samples/en_animescore/base/029.wav,en_animescore,base,29,224044,a70f4e1c3b0be36e07213f697cff4c77a9af8d77cc2be945d634500f1ddcf983
data/audio_samples/en_animescore/base/030.wav,en_animescore,base,30,139564,cfb85772bbb28ea4ac65a7a66125d6a2df06215dff168c248cc5b974a783f526
data/audio_samples/en_animescore/base/031.wav,en_animescore,base,31,149804,adb5825f49b4af7f3e01f3640b3ff4e7239395147c36c4ba91db4cbe10a9f684
data/audio_samples/en_animescore/base/032.wav,en_animescore,base,32,151084,cbfff2c8f270fd16364eeb05ef4102aefa730c44618686ebb1e67f66174f478c
data/audio_samples/en_animescore/base/033.wav,en_animescore,base,33,175404,ee1fb218a9b4970f5a795370d0b3acb7fe16f1311aea56d30e62d40ae584097d
data/audio_samples/en_animescore/base/034.wav,en_animescore,base,34,181164,5fa701012142dfc98e39496c2b30d478dbda0c7dc9196c4a36393d41266c9a95
data/audio_samples/en_animescore/base/035.wav,en_animescore,base,35,125484,bd2f8aedfffe3c13ed916b430b4661fc56b041116185651106d9ade8c0e8244f
data/audio_samples/en_animescore/base/036.wav,en_animescore,base,36,231724,cc25120eb068cb3dfe44edf746476efccfe5dd9888ed17e45101dbe38157c088
data/audio_samples/en_animescore/base/037.wav,en_animescore,base,37,277804,b7233154bf34bbd7870464919405094e629279ce18cd4b702c1ef03e1ab8ef9b
data/audio_samples/en_animescore/base/038.wav,en_animescore,base,38,224044,0d76f2b177d30bc0303cced135f90beb898dacb19c033b8cadf36bcf93e687a9
data/audio_samples/en_animescore/base/039.wav,en_animescore,base,39,195244,d41d1cb8aa78952c1952cdc0a79abdf888d7a7aac7b03eef2eedce9e7a7b5c48
data/audio_samples/en_animescore/base/040.wav,en_animescore,base,40,151084,0965e1477642ac0fa935a56db14797a345cb86ca615dc67b18d30a322e7c3eb6
data/audio_samples/en_animescore/base/041.wav,en_animescore,base,41,172204,9833472c66a2c92583b1919a92cea744b367fd8873621ae2a940f5ae9bbb8950
data/audio_samples/en_animescore/base/042.wav,en_animescore,base,42,134444,91e3210944b2a3835a0cdf2f7c0aded5a244658b9da65b9d08d2fd1f1178b405
data/audio_samples/en_animescore/base/043.wav,en_animescore,base,43,190764,7fe77cdb47988a89deb5356944f43c53f26176bd49ac9253051dd033cb342a08
data/audio_samples/en_animescore/base/044.wav,en_animescore,base,44,208044,777d1a38a20a3dcb7ad9486b0a5885c737f57f73579af072cc6b55d0ec5520d7
data/audio_samples/en_animescore/base/045.wav,en_animescore,base,45,224044,6855812b6ea6af7490636898820ebe0fed66fd5e6a479cdcf4e5511b6a364f91
data/audio_samples/en_animescore/base/046.wav,en_animescore,base,46,230444,4284fdd394acd1fab1b7cc9cacf93ebedd103535add45e8f79b95bd80dd7e538
data/audio_samples/en_animescore/base/047.wav,en_animescore,base,47,442284,e7bfe1390656b634a6e0ea72eae0d69bb4263683a12095a165766a4b59e59c72
data/audio_samples/en_animescore/base/048.wav,en_animescore,base,48,394924,0d8dd73a56abdcd287b7077d08e6a895c22fc84d1952dcadf7fc91cd5df363bc
data/audio_samples/en_animescore/base/049.wav,en_animescore,base,49,439084,3495db83b7d0bb9bf8638a6ab55fd04f51f91e04e20eaccdde2d0d816edd9612
data/audio_samples/en_animescore/grpo/000.wav,en_animescore,grpo,0,135724,f835df19dba648c0526159d4f6fcd13971e667c2d75327cb5d2686eae9c7783e
data/audio_samples/en_animescore/grpo/001.wav,en_animescore,grpo,1,180524,5d64ca98dfa5798bcf4495da9cd064a5450051e160e80a8c87a20535298de81f
data/audio_samples/en_animescore/grpo/002.wav,en_animescore,grpo,2,142124,eb978e685a5b9201405ab9205b8cdd5ef1b012a6d76862c94706d4649fbf8138
data/audio_samples/en_animescore/grpo/003.wav,en_animescore,grpo,3,163884,3fcfb6c0432e69f6195ebd5d4eadc211b1d3ce338e6f09473f9352578419e6fc
data/audio_samples/en_animescore/grpo/004.wav,en_animescore,grpo,4,214444,d67cc8aeae9bbd436b1d2e975c76667af3302d5cd71dd67a499495612050e7f4
data/audio_samples/en_animescore/grpo/005.wav,en_animescore,grpo,5,169004,eb4a3b9f1a2639ba17307dd0a07a14b25d4574d835be61f007806392ba913554
data/audio_samples/en_animescore/grpo/006.wav,en_animescore,grpo,6,169004,a4cc69f42dc6a6405220e6a0c31626b69694729df38197ce5290f5db5c2f0769
data/audio_samples/en_animescore/grpo/007.wav,en_animescore,grpo,7,233644,4c13c4e16dda241c264ce1b65dab61f3408ac2c00e13379c206e825529509fd7
data/audio_samples/en_animescore/grpo/008.wav,en_animescore,grpo,8,181804,6ca263257e17661a515e8a4d5ed65e3d3e6ff036c0077bc9409d04344be1b912
data/audio_samples/en_animescore/grpo/009.wav,en_animescore,grpo,9,133804,3d67d7eaf9e777e30b43f3072f19af26d216e9c4259d3f5bac565133915bbdc5
data/audio_samples/en_animescore/grpo/010.wav,en_animescore,grpo,10,174764,cacbaf3d0c6999f5243c95f8a209569eb3a4402719a178cc10e48ee930d3f29c
data/audio_samples/en_animescore/grpo/011.wav,en_animescore,grpo,11,166444,640bee45e3e9787857e6fac8cb18204aeed983e81e959bf7612ee682824a33fc
data/audio_samples/en_animescore/grpo/012.wav,en_animescore,grpo,12,261164,dce02bdd91f409addeb8a3cd5c61153ace6d94ee611fb05ddfafc635dccf979a
data/audio_samples/en_animescore/grpo/013.wav,en_animescore,grpo,13,187564,ab42337fb7a4f40903a5eba41e1d8e0a5a4780d76d296a92665484dc3e2c9811
data/audio_samples/en_animescore/grpo/014.wav,en_animescore,grpo,14,172204,48c0f2bf94228c921efcd9849a177cbf5ce2d42b04523a78e96573f4f46f7910
data/audio_samples/en_animescore/grpo/015.wav,en_animescore,grpo,15,156844,7d8216bf9df6115da952a134ca575dd847e324ca13a7bf9305078c3d5d4385d3
data/audio_samples/en_animescore/grpo/016.wav,en_animescore,grpo,16,228524,7472320666a394c0674a734bc93658bf7ac751968d169fb08441d647e68b4c3b
data/audio_samples/en_animescore/grpo/017.wav,en_animescore,grpo,17,168364,8faf30cc7e68d4e048091327ad0e8cb0793f20988ceb508d8da2bfb92dfab66a
data/audio_samples/en_animescore/grpo/018.wav,en_animescore,grpo,18,162604,6ad59d195c081eda35b321e939db8b902073ea048452e040d7b8e0c9b7a8b1c4
data/audio_samples/en_animescore/grpo/019.wav,en_animescore,grpo,19,129324,f518923173e2093dc3b9efbf74826f9c4c4c239a7510ebe655931911b36d3597
data/audio_samples/en_animescore/grpo/020.wav,en_animescore,grpo,20,183724,35f48614f9a56b7046d80c8c408421de83473cb7a78d389188baa57bc653f9ab
data/audio_samples/en_animescore/grpo/021.wav,en_animescore,grpo,21,193964,f25ba2f5e5129c0f12f5fd414309f2e69c7e3edbff46a642f240d686c59f25ce
data/audio_samples/en_animescore/grpo/022.wav,en_animescore,grpo,22,129324,cea15c0c5285c45c3116383224426187118818b479bd77761eadb2c56087ef8f
data/audio_samples/en_animescore/grpo/023.wav,en_animescore,grpo,23,179244,f0b302ea7243155a613340f508d6f618d089902a545e08e8ceb95c44273f5a3d
data/audio_samples/en_animescore/grpo/024.wav,en_animescore,grpo,24,113964,ade7c9f8f3618b609b2ed3a10cfb5ce96d67ffadaaf8157e33d3ed4a696f80c5
data/audio_samples/en_animescore/grpo/025.wav,en_animescore,grpo,25,144044,4442851611e2458617ad1162926a3e4a3af3237dc4de12b3acbefa3768e224be
data/audio_samples/en_animescore/grpo/026.wav,en_animescore,grpo,26,126764,b02c7ca50dca24a753f6196b6c22ff2927f17c771e22d895e192fb898c388fb3
data/audio_samples/en_animescore/grpo/027.wav,en_animescore,grpo,27,149804,c258ffb8bc8c3866bc67c93f51e7ccd772c84f8ddde7bee44e354fd0a0a4e8a8
data/audio_samples/en_animescore/grpo/028.wav,en_animescore,grpo,28,208044,96ab0c1b0b8d8f88ef222bc43a3ae26f00670e5604c4249b9fe7059db14649cc
data/audio_samples/en_animescore/grpo/029.wav,en_animescore,grpo,29,169004,8ee681b387ccf8cc5c30612fb0139e294c2464d5aa2305e54726ecc74d7cbceb
data/audio_samples/en_animescore/grpo/030.wav,en_animescore,grpo,30,146604,33f89dd18d63422ca0165348d144495a63ef01fdb6c250630e5f2ff792c5e670
data/audio_samples/en_animescore/grpo/031.wav,en_animescore,grpo,31,161964,2802454dac0dda29662c920e8644795fb9ecf270815dbe8d87fa3214157b8d40
data/audio_samples/en_animescore/grpo/032.wav,en_animescore,grpo,32,170924,482ea39b3b20b14c6e9b9392547ddf133071b838e0fe940812cae2a77ba0bbcf
data/audio_samples/en_animescore/grpo/033.wav,en_animescore,grpo,33,157484,5474193f5ad3657877813c60a687f625fd97e29310caff5ebfe91712c86a1978
data/audio_samples/en_animescore/grpo/034.wav,en_animescore,grpo,34,179884,2b3b41c27aca3641b238c1fe04c951351210505e570d9bc79db2dfcf3e9978d1
data/audio_samples/en_animescore/grpo/035.wav,en_animescore,grpo,35,156204,30d6fb0b0ced3a44566b2f5f94c908562ae8e1a5d10bf43f9a93b9c3c040c55d
data/audio_samples/en_animescore/grpo/036.wav,en_animescore,grpo,36,206124,3a1c7fd2d7b8cd03fe519a10549822fcd040ecd072aae4707f963a66313419bd
data/audio_samples/en_animescore/grpo/037.wav,en_animescore,grpo,37,225324,78d9be25ec1bed6edf4ffacf2ed4dc0d9ab13537e978512a6c789653c9fc91a1
data/audio_samples/en_animescore/grpo/038.wav,en_animescore,grpo,38,169644,8614fe95d12ea3ff3f89e79bc637a600f6e78d1403b3e6ae7858ede4da9f88fc
data/audio_samples/en_animescore/grpo/039.wav,en_animescore,grpo,39,169644,64a85540ba69cb8316fd0e84c3957ca6433944d4249e3c26cbfff29683d12cc2
data/audio_samples/en_animescore/grpo/040.wav,en_animescore,grpo,40,141484,1878cdcfc444e605458cda9702bf6b465a4368a23629ce0465e87a2d8546d32b
data/audio_samples/en_animescore/grpo/041.wav,en_animescore,grpo,41,156844,f8f3bfbd63175abf28d27ef43416693cd34ea7809c6f66151fcbd385e2c563f5
data/audio_samples/en_animescore/grpo/042.wav,en_animescore,grpo,42,128044,22017774c734afd2e26c7ec8f4cfb56170139c206f803415434f8ae093904bc9
data/audio_samples/en_animescore/grpo/043.wav,en_animescore,grpo,43,289324,215f4df464547c3fb567fc3f37d8ab92f59e22ef6de9e88d17a3339bfad932ba
data/audio_samples/en_animescore/grpo/044.wav,en_animescore,grpo,44,195884,6b0fdd59a181c3af9d0fc609ad43d5f444b4c92ba3eadfa62903236e799a7a99
data/audio_samples/en_animescore/grpo/045.wav,en_animescore,grpo,45,213804,2c50c7648c01c217c8df79bcca016d430554ac2190b9f3d5e18a30038f6b9a9e
data/audio_samples/en_animescore/grpo/046.wav,en_animescore,grpo,46,319404,d37ee35614d9e2b1661fd90356715563ecae8d210bdfc7c5dc07134befc9a33b
data/audio_samples/en_animescore/grpo/047.wav,en_animescore,grpo,47,443564,6ef469289bfce09ee62658fc8d242e890a9537e46e870d678ba12d5133d075a5
data/audio_samples/en_animescore/grpo/048.wav,en_animescore,grpo,48,382124,efc9f8731339a962f5232c65dd549c9ce70ca474fd1b7aad6d4265c628e8ff63
data/audio_samples/en_animescore/grpo/049.wav,en_animescore,grpo,49,419244,a650c22be668d302a9d7e9fad462588396d31255f98bc30e835f4fe91bd85e2c
data/audio_samples/jp_animescore/base/000.wav,jp_animescore,base,0,164524,6b90a5ba6e9bd4ac73c1005e28e5d401b070c4a8d6b6cf9a64ab45522f4e3bf5
data/audio_samples/jp_animescore/base/001.wav,jp_animescore,base,1,222764,9993f5e25a515c26bbb2b3af7c78c369bdc1a0caba71f799e3496b54b70b58ae
data/audio_samples/jp_animescore/base/002.wav,jp_animescore,base,2,193964,a51d9b6c0b480f6e650ddc296c9555bff67685758e21b954f9a1c7486f27fc19
data/audio_samples/jp_animescore/base/003.wav,jp_animescore,base,3,186924,b92c7bba6d525d7fc24bff5a93e011542ea542ee1a648107591462d55752adfe
data/audio_samples/jp_animescore/base/004.wav,jp_animescore,base,4,133164,d067a837a5a8b1274654408ac662f331eaceee12f118e519c28d99c63ee25edf
data/audio_samples/jp_animescore/base/005.wav,jp_animescore,base,5,158764,e48dfb18ceb0eb6e28d6cce08c24903aab62e58975d5703dd4232e5bc2e1446a
data/audio_samples/jp_animescore/base/006.wav,jp_animescore,base,6,124204,b86b7a5d93f71199d827cae462940640cb2c7188eeb5723baa56c03cf234567a
data/audio_samples/jp_animescore/base/007.wav,jp_animescore,base,7,111404,c11051b0b0766951a5c76ff3158c4eeb8aee10276b7ae1a5d6acb66278347a1d
data/audio_samples/jp_animescore/base/008.wav,jp_animescore,base,8,144684,75a58342c5c561a13998bd43b67b457fdcb0fe403ccef7484c0faa90fb9f3b71
data/audio_samples/jp_animescore/base/009.wav,jp_animescore,base,9,137644,55693c41d754d414e8c4d15dedf177b8cd38d956c67738550c62c896638767be
data/audio_samples/jp_animescore/base/010.wav,jp_animescore,base,10,119084,ab176164cbe51d1b46757b85935a2efa83acbab88ccac819b9c5adf6e0084a0a
data/audio_samples/jp_animescore/base/011.wav,jp_animescore,base,11,149804,e697f5943af9c2db6c66e66436dee080971b760ed699b869ab64c921d08587f3
data/audio_samples/jp_animescore/base/012.wav,jp_animescore,base,12,204204,776f35337220a5527af343deb4da6784ae705349781c4c79f48a82621ad1c9d3
data/audio_samples/jp_animescore/base/013.wav,jp_animescore,base,13,283564,a1ecfd0c61a95204464605a6c9630d1d415e53d9cb8a8d9de424c7179a58876b
data/audio_samples/jp_animescore/base/014.wav,jp_animescore,base,14,223404,ef088a4beecbe887cfa8de6ac3d6e714529bc80e61ec283f72ebc1354c21aa26
data/audio_samples/jp_animescore/base/015.wav,jp_animescore,base,15,176684,41d3a7a004e42fe3ffbca5fa4c138a47aef973f96185ffb8d87b5a6cc6ff278b
data/audio_samples/jp_animescore/base/016.wav,jp_animescore,base,16,219564,9e6ad1bf261e6c4716e640822afffb310d6ea1263ef432b3e57e7ee87d6dbd8b
data/audio_samples/jp_animescore/base/017.wav,jp_animescore,base,17,201004,36071d9c207ba179c66a76f6a4208b6be9e7466a14d976ff9919d45c3e54ea89
data/audio_samples/jp_animescore/base/018.wav,jp_animescore,base,18,187564,b1db39dc449eab0c1c1cb9a9b5d3647190be35f5e0349d313ff4a7444c8d9dd7
data/audio_samples/jp_animescore/base/019.wav,jp_animescore,base,19,135724,649783bab2bf1d326d0414aa35fd8198c0695383fdceff702af1812818c9313d
data/audio_samples/jp_animescore/base/020.wav,jp_animescore,base,20,159404,3c5ff8d863f49eaff75c8a65e6e8f158af8a0b26a716f9b01b4b6b62a37d4dff
data/audio_samples/jp_animescore/base/021.wav,jp_animescore,base,21,126124,a893c20fbecf5b2ae483022e6d4ab47f1c230494e1a4f97e01489b297d2286b3
data/audio_samples/jp_animescore/base/022.wav,jp_animescore,base,22,145324,2c7dea58492856ef058ba723ed472a2db7ef7d579b2a32e17ae81c3b9d1e1253
data/audio_samples/jp_animescore/base/023.wav,jp_animescore,base,23,140204,e916bec78b3638accc32fae6136c3d64db55bf72ac5da5c455944196820a2fee
data/audio_samples/jp_animescore/base/024.wav,jp_animescore,base,24,125484,902d523bbcf85ebe98772142901135c9536fc04fd8ec9a5f930459f1efc7b407
data/audio_samples/jp_animescore/base/025.wav,jp_animescore,base,25,146604,0e7506ef55de9cb75145799770735d5f478166ac5e2c25b47d1e423ec7ca1bf9
data/audio_samples/jp_animescore/base/026.wav,jp_animescore,base,26,113964,63321a7cfeef5def5f1328f8ad93905ed1d241384f2e35c8d1897f69bf99eb13
data/audio_samples/jp_animescore/base/027.wav,jp_animescore,base,27,144044,716404808b87d22c917c193bb909ce0d6346a37a8ec7e19ad928e8c2c6e540e6
data/audio_samples/jp_animescore/base/028.wav,jp_animescore,base,28,134444,455374e227a2a4b1811530ada5ad9e6b360d00479439974fbb88d362b556338a
data/audio_samples/jp_animescore/base/029.wav,jp_animescore,base,29,144684,c08778fdf4abab375aa2c23334e76e3b1871ec551471359577ad5019a107bd5f
data/audio_samples/jp_animescore/base/030.wav,jp_animescore,base,30,144684,e7fb409f24abfa340d43808465533ea10e50743ff25c1104fc13e9505c20abbe
data/audio_samples/jp_animescore/base/031.wav,jp_animescore,base,31,244524,dfb5efc7365f7c892e46d1a1c4dad74fb3f98a42d07196634f845a3b70287a44
data/audio_samples/jp_animescore/base/032.wav,jp_animescore,base,32,150444,d60cb9c17c1801d59b29edb978ac602a38ab60d9bfb721f34ea75971932745ce
data/audio_samples/jp_animescore/base/033.wav,jp_animescore,base,33,183724,a5a74845a539e17e232ee51d6f8852b614b5a9f7b46893f5f6f7b4ee63322343
data/audio_samples/jp_animescore/base/034.wav,jp_animescore,base,34,128044,83bafa6bf909da0971f24847f32bab3fbe5e33149b13c7a964291d4963b19722
data/audio_samples/jp_animescore/base/035.wav,jp_animescore,base,35,157484,efce4643cc423323cfb7baa723689a1498f63d0de5557cc6ee200a01fd972f58
data/audio_samples/jp_animescore/base/036.wav,jp_animescore,base,36,264364,ee9ad64f4e03aa81782866d9e188ed73742a7a8c46e1e991002c3031057f97f0
data/audio_samples/jp_animescore/base/037.wav,jp_animescore,base,37,244524,14117222eafabbecaab969fb4524e263d5c88e4ad90650e8130a02cfa042e8a1
data/audio_samples/jp_animescore/base/038.wav,jp_animescore,base,38,192684,43344ae1de22dcb6dc95a2a0cf7528e3b6b9b9e95a6e7c9081592876169bf9f4
data/audio_samples/jp_animescore/base/039.wav,jp_animescore,base,39,128684,e78e4b1b59fd804c64b79347fe7c835966f3b21c45dc179631d5ec011f2b9310
data/audio_samples/jp_animescore/base/040.wav,jp_animescore,base,40,165164,ef2ebf4fdd991d4ce7394581871faeed3fb96c7498fbaba44ec2cb5f41391a79
data/audio_samples/jp_animescore/base/041.wav,jp_animescore,base,41,138924,122393c09fe3482c20cdd43431b090b9294f053a999291c2b3a4eb83568df06d
data/audio_samples/jp_animescore/base/042.wav,jp_animescore,base,42,137644,3a11f60d7531e6e344c47991bb8ed13d316e42e47d24e87ca2ba85f36221ac46
data/audio_samples/jp_animescore/base/043.wav,jp_animescore,base,43,150444,1a93c53b43bdd32a520cbb117c737c34304d577d2d68691aaf9fc5445c8c7e51
data/audio_samples/jp_animescore/base/044.wav,jp_animescore,base,44,136364,401f56fc1d2b73c23785db5bb9ada4a2530c0cc59d51622d4b55d609575ffbad
data/audio_samples/jp_animescore/base/045.wav,jp_animescore,base,45,161964,9fd5271db4d47439d27b5b8b3f901434a02c67b480d83d431da1b9eec6a4f072
data/audio_samples/jp_animescore/base/046.wav,jp_animescore,base,46,213164,01dcc415d5c5dc5151bab55ff74b7180fc6ffefeeb4a2d14d649e218b7da3254
data/audio_samples/jp_animescore/base/047.wav,jp_animescore,base,47,335404,e9dbe88e6a9a3cae46ff79bf5bf99923a78ef637189efe592e10b782f036d117
data/audio_samples/jp_animescore/base/048.wav,jp_animescore,base,48,306604,ea18e1b4cfcf875b703abff03d38f3e18a169aa925eef96d67426dd3b14932f3
data/audio_samples/jp_animescore/base/049.wav,jp_animescore,base,49,378924,109b80007aa31159283b582af6c632d973ca2fd88248d756aa52c36ab3502649
data/audio_samples/jp_animescore/best_of_8/000.wav,jp_animescore,best_of_8,0,199724,449d3beef375ba7dd600d07b297328017b4d7ea5744f7b51cda52c2ccf203c27
data/audio_samples/jp_animescore/best_of_8/001.wav,jp_animescore,best_of_8,1,191404,a9a9f49a5de2de1c5a5506824d4a0eebb03371a8aebbf670d12d71d93ae411b8
data/audio_samples/jp_animescore/best_of_8/002.wav,jp_animescore,best_of_8,2,190124,a56b699aeeb76c9ea188821493f14ea047c3a1b30d32379e9d6b7834922f7b02
data/audio_samples/jp_animescore/best_of_8/003.wav,jp_animescore,best_of_8,3,171564,a0e877b43c25ea09da49c806d85c876be5e0eb695382ed4260974558fd35a47a
data/audio_samples/jp_animescore/best_of_8/004.wav,jp_animescore,best_of_8,4,150444,c43f63a8a53052a475da77b5bf316265ab0c5d4a9a844d974763d66d3fa723a7
data/audio_samples/jp_animescore/best_of_8/005.wav,jp_animescore,best_of_8,5,151724,1a27dee57ffb35337b7fe5803c4c5241001d8a4f9d942e6385d23bd08a2f1f32
data/audio_samples/jp_animescore/best_of_8/006.wav,jp_animescore,best_of_8,6,137004,c8f5697e9e20ccb4e8407dc8a1dd2a8c8f2841caad4ff5479d016821b0e3a527
data/audio_samples/jp_animescore/best_of_8/007.wav,jp_animescore,best_of_8,7,105004,8ced241f5adcb63805613de080521178f7aad60b2a1b43006e0613d5cf4ca536
data/audio_samples/jp_animescore/best_of_8/008.wav,jp_animescore,best_of_8,8,120364,afa5661f54575b15780debb325631273b226e5a8a533e88158184cd68b9c7179
data/audio_samples/jp_animescore/best_of_8/009.wav,jp_animescore,best_of_8,9,153644,4c0e30cd8c6eb1d7023abeccc49d2ca54a37bd5fc1f08497bb87fe4c5aa469f8
data/audio_samples/jp_animescore/best_of_8/010.wav,jp_animescore,best_of_8,10,119724,8f1b42851917fdfcd7985a2788648e7aa53b8ab9a37cf6a1ecdc3e211230660c
data/audio_samples/jp_animescore/best_of_8/011.wav,jp_animescore,best_of_8,11,104364,3271b5fdb2e2da0a143640175911868b94d13ad2c5d6821a6eafcfa56cb45720
data/audio_samples/jp_animescore/best_of_8/012.wav,jp_animescore,best_of_8,12,323244,6ecfcefb9852233f576fd280eae1a5d6a22a38b04e891bac04964f076bef1f79
data/audio_samples/jp_animescore/best_of_8/013.wav,jp_animescore,best_of_8,13,252844,b8109ef25e8d28b309e294011e1465db5d9abbf2520e772440c72dec5d1ca926
data/audio_samples/jp_animescore/best_of_8/014.wav,jp_animescore,best_of_8,14,197164,67b507433c4ea9011bb932738bb9fd78d752f420e161d94925aebda1ad797709
data/audio_samples/jp_animescore/best_of_8/015.wav,jp_animescore,best_of_8,15,246444,d6e72170584201a98a38af30b2de3ef9d856293cb85f07c2148908c20db8369c
data/audio_samples/jp_animescore/best_of_8/016.wav,jp_animescore,best_of_8,16,230444,e0290b55792a670f0cc5975e6898c83182cff86521bf05b71d2cd2612fb6a3c6
data/audio_samples/jp_animescore/best_of_8/017.wav,jp_animescore,best_of_8,17,141484,1371846f45f2c1310856e87a6095fe4c23eafe0f8f74fb194d6b46c7670971f8
data/audio_samples/jp_animescore/best_of_8/018.wav,jp_animescore,best_of_8,18,154284,9a3ba9cb1c43e224caa01cb250c141eefde2c26c1cdb86d93031b7f6ce18c0e8
data/audio_samples/jp_animescore/best_of_8/019.wav,jp_animescore,best_of_8,19,134444,0ed567b3655126e3a2e41d45151c441e0e7820d11fb2e62fbdd3f3fdab23c818
data/audio_samples/jp_animescore/best_of_8/020.wav,jp_animescore,best_of_8,20,321964,f5784668b18f0f176e985d4a4d670b8bd83ea9c34165a7cc1bfad8adebffcb36
data/audio_samples/jp_animescore/best_of_8/021.wav,jp_animescore,best_of_8,21,187564,deb7cc74969d0be12f7ff48879eb630c2329b5b04ab0ce0239b3bb1c6b865f48
data/audio_samples/jp_animescore/best_of_8/022.wav,jp_animescore,best_of_8,22,128684,fe69badb19c992db6d1e9dc9e5b74b6bdf5c405b1ee8a0312b56ee7eb18cf250
data/audio_samples/jp_animescore/best_of_8/023.wav,jp_animescore,best_of_8,23,129324,25263fcb4da850fb4f8376acb17433d44d702d075e15dcbcbd225b4c10930483
data/audio_samples/jp_animescore/best_of_8/024.wav,jp_animescore,best_of_8,24,129964,f86a460fdd7a845a5ea08f3041b0e7545797f005547c0421ec40a5953f98a987
data/audio_samples/jp_animescore/best_of_8/025.wav,jp_animescore,best_of_8,25,149164,766ae9829bd0a448a4c6fd7b1c3c06c3e51095d4731d05634be85fce8f44457b
data/audio_samples/jp_animescore/best_of_8/026.wav,jp_animescore,best_of_8,26,116524,19642a684f10cb63a181467e3b22a48186cb5377f39d0dfbaff444592ad5d175
data/audio_samples/jp_animescore/best_of_8/027.wav,jp_animescore,best_of_8,27,135084,8e142270a9a4aa755d14f5f2a4543812a7f50acac85c65d653b5fc777bf3c1da
data/audio_samples/jp_animescore/best_of_8/028.wav,jp_animescore,best_of_8,28,110764,66f8f334a4186ff392354a535b1fc9889d655fd89e6807bebf40292395975265
data/audio_samples/jp_animescore/best_of_8/029.wav,jp_animescore,best_of_8,29,135724,34db24f69271b18c0ab98319536079eee2930e3802bbe6dcd1df7b76966edad6
data/audio_samples/jp_animescore/best_of_8/030.wav,jp_animescore,best_of_8,30,218284,47cbcbb124197e1eab91fd923b53570d15154c0e88a12ebe1f16fbd1c0582466
data/audio_samples/jp_animescore/best_of_8/031.wav,jp_animescore,best_of_8,31,257324,dbceea457c4d5d7dad7bdd57534db0a1208e74af22c93562a65aeac77d2fe5ec
data/audio_samples/jp_animescore/best_of_8/032.wav,jp_animescore,best_of_8,32,195244,02d4e8bcf326ebdb6f324412fb8c20bdafe187b2906b724d865f874a9e6d87f9
data/audio_samples/jp_animescore/best_of_8/033.wav,jp_animescore,best_of_8,33,177964,0d8ac836ae9434b24854bbe5fcd9f681afe085647aa07222efb971984032cd71
data/audio_samples/jp_animescore/best_of_8/034.wav,jp_animescore,best_of_8,34,149804,7516e19cd46992c7210d003457798e8a9c140ef51eaa7b99ef12780481ed5d30
data/audio_samples/jp_animescore/best_of_8/035.wav,jp_animescore,best_of_8,35,148524,377e54869fd898e5e158ce4714a7248eae31faa27046b441f157018b6f1df0eb
data/audio_samples/jp_animescore/best_of_8/036.wav,jp_animescore,best_of_8,36,1310764,37052bb149a4a12d3d300197b050e1abcc9fcfbc7803627ae8896ae5d094e10c
data/audio_samples/jp_animescore/best_of_8/037.wav,jp_animescore,best_of_8,37,217644,c2f242bf3c2efb14f46af05b9e333083d68913b080471f4eb412a20f4853df9d
data/audio_samples/jp_animescore/best_of_8/038.wav,jp_animescore,best_of_8,38,202924,bf3e5f01d251d82ef113793ee18700ca9780a846a4cb81021c98448f68f5de69
data/audio_samples/jp_animescore/best_of_8/039.wav,jp_animescore,best_of_8,39,145324,6e07a3a8ad43ec65fd5be68d527d5641ce47e18efd12789cafa199109aceb527
data/audio_samples/jp_animescore/best_of_8/040.wav,jp_animescore,best_of_8,40,130604,934ae72782e4cd0305b5f8289542ccbc6821643744eb7563fd7cd01e6480030e
data/audio_samples/jp_animescore/best_of_8/041.wav,jp_animescore,best_of_8,41,159404,0e2677c1c270008f8c01287b1961367eb7d37ead500c0e86b37b8a68acee7c03
data/audio_samples/jp_animescore/best_of_8/042.wav,jp_animescore,best_of_8,42,121644,7e9dd8af469b783b0267f6967db5a618a94b4f95081dafa05e39a8e42eec660f
data/audio_samples/jp_animescore/best_of_8/043.wav,jp_animescore,best_of_8,43,249004,fd3c86cbb227461a6b7847b50173427b58fd6dec51601923163cbe6b9278fb4e
data/audio_samples/jp_animescore/best_of_8/044.wav,jp_animescore,best_of_8,44,147244,f90e5f4b29f0efab50b09f111814010205ec68e469ee10456fb4408ce6b5174c
data/audio_samples/jp_animescore/best_of_8/045.wav,jp_animescore,best_of_8,45,165804,44d2179fbc2c3cc0ec07a46db6c5c091e4e83ed3569b1006b60b6722e207fb26
data/audio_samples/jp_animescore/best_of_8/046.wav,jp_animescore,best_of_8,46,202284,095deeb804695c28d344329b80146eea54f586bb096ef012e9f14b112972742a
data/audio_samples/jp_animescore/best_of_8/047.wav,jp_animescore,best_of_8,47,314284,962e1b7842082d7b9308ac8885b58cd3d6abe677a23ec6907ba78bb6e355b27c
data/audio_samples/jp_animescore/best_of_8/048.wav,jp_animescore,best_of_8,48,322604,e670dcc5010148b9ef05aa3826a91001d76d1d963ca5ad8c5bfa412701cd2c1b
data/audio_samples/jp_animescore/best_of_8/049.wav,jp_animescore,best_of_8,49,394284,37875c854e7ab249720e3dfc10e6417b53008bcd9dea7dc1f83bac1c680e8526
data/audio_samples/jp_animescore/grpo/000.wav,jp_animescore,grpo,0,174764,eb07a25d8bccd72d4a522a359173d6acbc89bd8051e59a0a36fec107aa59e7d7
data/audio_samples/jp_animescore/grpo/001.wav,jp_animescore,grpo,1,171564,faec7e4daeaac2764106e7ac82ffa0df8fc28d64624fc9f453fa39fe0f4be549
data/audio_samples/jp_animescore/grpo/002.wav,jp_animescore,grpo,2,153644,9d8cedea500a8c80d799268bc223b08a8a821186e04433c39898c2c26834fb15
data/audio_samples/jp_animescore/grpo/003.wav,jp_animescore,grpo,3,186924,1ecb778f66b2972321fc0fab78cfe6f242f66dcf20203b3e3daf97c69abd9273
data/audio_samples/jp_animescore/grpo/004.wav,jp_animescore,grpo,4,121004,86f8da965be30a014f044d9c3d0fc0cc591e8c4ae2c89718a97dcfd635be7980
data/audio_samples/jp_animescore/grpo/005.wav,jp_animescore,grpo,5,134444,878c7b626ef7aeb4369cd73ebc2e234f4887564ce43a3e257257e0d2461d653f
data/audio_samples/jp_animescore/grpo/006.wav,jp_animescore,grpo,6,137644,7f255577235caaab36a1dbf1f2b3e19e3f1407fba4b33b90d0ec2cd677549d59
data/audio_samples/jp_animescore/grpo/007.wav,jp_animescore,grpo,7,111404,39baa36d9431264cf635dd280ed476f97c6feb51bec46f2e6532738ece07de83
data/audio_samples/jp_animescore/grpo/008.wav,jp_animescore,grpo,8,135084,578815f1eeeb81d8137326fe24c8f18d86dff9a849f8a394c42600e4c1909b22
data/audio_samples/jp_animescore/grpo/009.wav,jp_animescore,grpo,9,101164,abaa2f680a760e72b5371db36242de18ff4ed105e6fe593be76013dfa1b6376b
data/audio_samples/jp_animescore/grpo/010.wav,jp_animescore,grpo,10,123564,b759342a08fd4a902099b64b895c34b48239a9367453c50ea817cd7171b84213
data/audio_samples/jp_animescore/grpo/011.wav,jp_animescore,grpo,11,118444,66860a5b60d26fe0e51f374344ef58ba1e2dbb24c75afd237aed6218e5056125
data/audio_samples/jp_animescore/grpo/012.wav,jp_animescore,grpo,12,203564,5a03a6c34ba789d855c69a781b7873d7ea0e9d4aead540bdba0b841152528d24
data/audio_samples/jp_animescore/grpo/013.wav,jp_animescore,grpo,13,182444,ae70bd40e5de8ea3b980745822f01ddaa1a325d2e3ffe62050dfc77c4ca5c6b3
data/audio_samples/jp_animescore/grpo/014.wav,jp_animescore,grpo,14,173484,2b2152230a94bf981cd1373668450645bd073cd8b33ee8b812d3b69122d80830
data/audio_samples/jp_animescore/grpo/015.wav,jp_animescore,grpo,15,180524,c617d40b9fcbbc9797acd4a01665a3cbe3ec78f790fc12409bdd9e4bd0e48c26
data/audio_samples/jp_animescore/grpo/016.wav,jp_animescore,grpo,16,131884,f482092f1b0f17f98f31ef1d83f208a0a2bc575e163427338a4e8347c0c90c69
data/audio_samples/jp_animescore/grpo/017.wav,jp_animescore,grpo,17,140204,1997b4e8f41365f494a0db08b40e9c11118eb6f49df16862f018b85b5a012dcf
data/audio_samples/jp_animescore/grpo/018.wav,jp_animescore,grpo,18,189484,ffa4b6ed4eeae23674a971ca85841c9749d0a0e7e85f052920c30e78e44931f2
data/audio_samples/jp_animescore/grpo/019.wav,jp_animescore,grpo,19,131244,cf4346105dca7e2ab492dca90de98b4fe2cc4169978053e50ac1aa38e79d8113
data/audio_samples/jp_animescore/grpo/020.wav,jp_animescore,grpo,20,211244,568ff5ce9e1d62582168fbfbd2ec426bab731c571a181a32c1a60fb41bc1be4b
data/audio_samples/jp_animescore/grpo/021.wav,jp_animescore,grpo,21,138284,345703d1b15d33da98bb006dae378cf08336d28ead2c3f2297312524cb970e75
data/audio_samples/jp_animescore/grpo/022.wav,jp_animescore,grpo,22,143404,49ae26ac689250c4558d7bfdd64ec1cc16feb6e6a53e89abc56a0ade36d2af1d
data/audio_samples/jp_animescore/grpo/023.wav,jp_animescore,grpo,23,128044,5ad66fbc4fcff391bf29f49e9a17a188ff75a2a029c8790e39a0793ac2c3577a
data/audio_samples/jp_animescore/grpo/024.wav,jp_animescore,grpo,24,125484,f7cdea5451c3b698fe9886403c536b3c38bbe497ad24ff982a07a9e7f47d0415
data/audio_samples/jp_animescore/grpo/025.wav,jp_animescore,grpo,25,137644,4833a87e0c3ef8e2fb9429c3a49827c4751ca6b3aa4c901c927e02cd179765bb
data/audio_samples/jp_animescore/grpo/026.wav,jp_animescore,grpo,26,108844,1ad945f474329c6b33bda0b7f945ad71227717bab28879367cfc13ee465bcc61
data/audio_samples/jp_animescore/grpo/027.wav,jp_animescore,grpo,27,139564,dc69b21eb2db88ae183d523139c877e00e874942328898ecfc189dfbc4b94ab3
data/audio_samples/jp_animescore/grpo/028.wav,jp_animescore,grpo,28,126764,8ce0ec8aec18ecf406f5adb8a5d8e6c9883e075894032213369ed66d91d2f538
data/audio_samples/jp_animescore/grpo/029.wav,jp_animescore,grpo,29,115244,411e29e12c324e19bd43fb93321cb764cd0478bb0a50ab94cdac62fe5ba3c585
data/audio_samples/jp_animescore/grpo/030.wav,jp_animescore,grpo,30,145964,daceb830d65be0fd960987f7cfd777cb78a1d56a9a6c8d35116dea3153f809c5
data/audio_samples/jp_animescore/grpo/031.wav,jp_animescore,grpo,31,183084,314dc08ddcb230f9faeb089277174ee0028256a5239ade2b91d29f8dde3ba40f
data/audio_samples/jp_animescore/grpo/032.wav,jp_animescore,grpo,32,123564,dce8426e740cc80b334be5114d7b81ff0e13fbf0eb3344e5c58f4dc746889e2b
data/audio_samples/jp_animescore/grpo/033.wav,jp_animescore,grpo,33,158764,2a92805ff01014cbc4e631e0fdc69ab2fee0b3bd94afae2bbf11609fb72a417d
data/audio_samples/jp_animescore/grpo/034.wav,jp_animescore,grpo,34,135724,703fc221a0a34248116e66755ad10704d4ef0ee0e5603a4f06f10bb4fae470c3
data/audio_samples/jp_animescore/grpo/035.wav,jp_animescore,grpo,35,154924,3e80f4a24772dbe421c2a542afa6ed45646f4f57ecbf3950aa161a6499147a0d
data/audio_samples/jp_animescore/grpo/036.wav,jp_animescore,grpo,36,236204,cefa9768dae66d9489732d624ae2d33d11a7afed33b2f8636e6f67bfa4c81027
data/audio_samples/jp_animescore/grpo/037.wav,jp_animescore,grpo,37,179244,fb738bc24958d88666d9ffaeb8d7d40f98199b9ff57e86ad044f839dc614f9f3
data/audio_samples/jp_animescore/grpo/038.wav,jp_animescore,grpo,38,202924,313cfc3e79ff72c354b44be04dc6490b955b0405654bc3e7346c768fb581fd95
data/audio_samples/jp_animescore/grpo/039.wav,jp_animescore,grpo,39,149164,2f4b07384d7fbabfab48ee5eae992b81a26c75579cdc9579adb1810959ed364e
data/audio_samples/jp_animescore/grpo/040.wav,jp_animescore,grpo,40,122924,3f393e74efe9082cb02faeea50a3423f60f33ca45defd8870b440f19ef5f14d0
data/audio_samples/jp_animescore/grpo/041.wav,jp_animescore,grpo,41,129964,d83a5b9f62e3cb1f6827c0e1fc6caa86236439d084ced88cac0705b58332701c
data/audio_samples/jp_animescore/grpo/042.wav,jp_animescore,grpo,42,144684,6bc94334a153e2efefe20fc65f540dcb48fa1ad31534e1485fe0fb96e3bfc617
data/audio_samples/jp_animescore/grpo/043.wav,jp_animescore,grpo,43,145324,e2115786018af6bf19e93c959b0ec5ac62a5950e8d3ac26875d018088abc5563
data/audio_samples/jp_animescore/grpo/044.wav,jp_animescore,grpo,44,124844,0a8bacb7d9c53cb8c491560769979505c4dd2dd24fa45b8b31a9520f5045b263
data/audio_samples/jp_animescore/grpo/045.wav,jp_animescore,grpo,45,167084,d20caf8eb98ee394b648c8bd3aff8809dcbb5b61755bc3c7ff2c3730202f6d2d
data/audio_samples/jp_animescore/grpo/046.wav,jp_animescore,grpo,46,158124,d69581a0a4ae49a4435be5196292e52bd7c80c1782bb3a09a2b8cd66bc26a2dc
data/audio_samples/jp_animescore/grpo/047.wav,jp_animescore,grpo,47,321324,5965022aa64a94c2dcf152c43a0f2a2ecd3aa3c84f296457c4a611a14f2aef4f
data/audio_samples/jp_animescore/grpo/048.wav,jp_animescore,grpo,48,323884,f01943fda7e75015c495a038809d883537ccc3f87a13ce2153febe36aa6bd58e
data/audio_samples/jp_animescore/grpo/049.wav,jp_animescore,grpo,49,306604,e3dcc2deb311d6fd194f35f74a5f6c9d0eef86bebf7042fbeff2adfcf34ddbdb
data/audio_samples/jp_likability/base/000.wav,jp_likability,base,0,190124,0ac58867910ccf315c0d56aa79c06ddd2f95500979225713c4709f6c7e8cccec
data/audio_samples/jp_likability/base/001.wav,jp_likability,base,1,206124,1fd7c294eb9c48ad024a2e3daab43e33b451013d05e97b974ddaca3848faa239
data/audio_samples/jp_likability/base/002.wav,jp_likability,base,2,142764,c4441d01219971d7c61421c82d81f432e9dc1a922b01a55e1c5478bad0171184
data/audio_samples/jp_likability/base/003.wav,jp_likability,base,3,169004,4f6688860b2b12d49678136f43040da0536b006679fbd1976f107319a69b83f0
data/audio_samples/jp_likability/base/004.wav,jp_likability,base,4,147884,45f6e92a985769723cc68b0c420c5bd3508880bbdd3ea8c55b9b08dc2993995a
data/audio_samples/jp_likability/base/005.wav,jp_likability,base,5,148524,01969c64bc7ddefb40e2eee8544d825018608e96eb96119b778813c28af8cd66
data/audio_samples/jp_likability/base/006.wav,jp_likability,base,6,129964,dabd4ac08246bca2a1c29ca2019678f2871e0eff7a62a2f47de21a9a6f9e15ac
data/audio_samples/jp_likability/base/007.wav,jp_likability,base,7,121644,10b616d217261021aa59f1699f63351a485a5dba58c95de82c48545a84f6606f
data/audio_samples/jp_likability/base/008.wav,jp_likability,base,8,174764,5d395941604c9e6ee7fb04b113be01317c499b31643ee021dea4f4657762c276
data/audio_samples/jp_likability/base/009.wav,jp_likability,base,9,111404,c8963df689808a407b0094a528b0e66bc7c4cf11a5f940762c2157e6102722f2
data/audio_samples/jp_likability/base/010.wav,jp_likability,base,10,135724,b4c287647dfcd33ddc2d85aa917951437d93e851b12462051a5a6afd5be30730
data/audio_samples/jp_likability/base/011.wav,jp_likability,base,11,158764,41c375d263338464e82915e0f96917b0a7ac21fd7496ee8b770238f7da6ac7f7
data/audio_samples/jp_likability/base/012.wav,jp_likability,base,12,214444,be5a285d146e902b0aa67d4028c43d970f84e62f424215f6433b366c8e1a160e
data/audio_samples/jp_likability/base/013.wav,jp_likability,base,13,234924,1dd9bd9c5f0e397f96af2f3c2466be9984ad3dc6e19b0126bd83954114a0979b
data/audio_samples/jp_likability/base/014.wav,jp_likability,base,14,206124,1a839bc0e91e478e5cb276763e7bcbef6d9b10bf08f27f0f97cb9e76afc7bd4c
data/audio_samples/jp_likability/base/015.wav,jp_likability,base,15,207404,35398f29cd9cf7058e1c4b8f747f5ab49db420767ef217a7574234df5184be5c
data/audio_samples/jp_likability/base/016.wav,jp_likability,base,16,290604,01680bf59222fcd955d021e3013541d0a7423a07d6a1252e59fefb40b4cfd45e
data/audio_samples/jp_likability/base/017.wav,jp_likability,base,17,161324,5e399ef55424dcaa24841b27a387bfbdfb3a6f604aa6ecb136b8d3f22b94066b
data/audio_samples/jp_likability/base/018.wav,jp_likability,base,18,172204,33613adf9b2f6c15421c5c4e8e56a21551af98ab09f5940a7473c45984aa27dc
data/audio_samples/jp_likability/base/019.wav,jp_likability,base,19,133164,7c9e4d93e31637c97c7054a339481fe983dbaf366628b2303942d6051d2aeb0d
data/audio_samples/jp_likability/base/020.wav,jp_likability,base,20,139564,b7e81a59633082f2fa3ef50c4e9e0b268afc8e2923ae0f80000e90679b6c142e
data/audio_samples/jp_likability/base/021.wav,jp_likability,base,21,138284,d2b610134803009169fa226eaf3d92074f6e58a0f59e2313556820a70e2ce9ca
data/audio_samples/jp_likability/base/022.wav,jp_likability,base,22,147244,64ea84919c28bb5e21a5b91b605d57561129cfe6787862589e784385db9cfa8b
data/audio_samples/jp_likability/base/023.wav,jp_likability,base,23,141484,ef91c1dad7903756bca784a27d91e2d69497ad7d416f9955cff6d256db421834
data/audio_samples/jp_likability/base/024.wav,jp_likability,base,24,157484,9972e0b89763993e72c06952e52fcb47397cc82a2124b47866dba7093b9044b8
data/audio_samples/jp_likability/base/025.wav,jp_likability,base,25,144684,675e5e6a44582c824df6687e8240f4d963029af2a01fbcd8eed79067ab322239
data/audio_samples/jp_likability/base/026.wav,jp_likability,base,26,121644,f4a37998509bd8ec00d323892fac22b54246e333c13a16c7b127ea6e8697ec81
data/audio_samples/jp_likability/base/027.wav,jp_likability,base,27,158124,1e65155cec0bf4e1768dcb82e6d2d85a1107260a787553925b4c25aadff0e784
data/audio_samples/jp_likability/base/028.wav,jp_likability,base,28,128684,8e5971e0380322cb3a56dc39f68577e0c309aeefa6e409c2b02c5914051c0556
data/audio_samples/jp_likability/base/029.wav,jp_likability,base,29,128684,9de6a0006cafdaf7f591dff1bca7704a78b693e57e8577a2120508e40f4fbc9e
data/audio_samples/jp_likability/base/030.wav,jp_likability,base,30,153644,d669b460ea3b22640569d6fbb4de18c81287c784ce1812d3c13f20ec8a5ce2d5
data/audio_samples/jp_likability/base/031.wav,jp_likability,base,31,266924,dc75d22acb53f06e8b7f2fe43ffc9c1155dadf5b129651b762729f2835f43ccb
data/audio_samples/jp_likability/base/032.wav,jp_likability,base,32,143404,6d82411604b0714f5e328a5a2a311e05e410d6a67c85872aa31ccf60d88e0e0e
data/audio_samples/jp_likability/base/033.wav,jp_likability,base,33,165804,473a24aed315c0bb6c61dd77029096eedcdb1a4f2b1801e84ee40c67323a139e
data/audio_samples/jp_likability/base/034.wav,jp_likability,base,34,122284,c8d3a4c72a7805d6bd7209cb64fdfd8669bd65a654e91c3976d76bd4ff7e70d1
data/audio_samples/jp_likability/base/035.wav,jp_likability,base,35,148524,47eaf2cca4da2237c4fe9f2e2b9181d63e1187ed235f9c78febdd0da222d936c
data/audio_samples/jp_likability/base/036.wav,jp_likability,base,36,1310764,3ca2dd997bc7b45d51ea441fcb0f2633b39668a9697e67e1db4e99de5034eb8a
data/audio_samples/jp_likability/base/037.wav,jp_likability,base,37,277164,efade612ce3447cc347c79a80f727afed1ca3f987b5f1abb535983c88a7e7b9b
data/audio_samples/jp_likability/base/038.wav,jp_likability,base,38,173484,eebddf082e853c11c7a573a79ef3ea6afab3089ade395d4d0bff08aa7c8eb36a
data/audio_samples/jp_likability/base/039.wav,jp_likability,base,39,162604,2ff70e5d0f73538f3a0d3e70aa1ec61e698f6dba15f99e6b1b4d72bf609fffba
data/audio_samples/jp_likability/base/040.wav,jp_likability,base,40,156204,be263dc60ed82873bf43c603cc0092e7046b4e31ab25c3c53bd737e0878069e7
data/audio_samples/jp_likability/base/041.wav,jp_likability,base,41,144044,014ef02b0ae74a2d21250f69129e5eba366bf972af11e0d64b87614da4655de5
data/audio_samples/jp_likability/base/042.wav,jp_likability,base,42,141484,c596d8861cd1e11ff32b1498f6508acc37d1efea4520a607b032aa8e59c2730e
data/audio_samples/jp_likability/base/043.wav,jp_likability,base,43,150444,5b11769e803e0e6543d778970447967752e7688c2a84bae77b4cc0f760e39568
data/audio_samples/jp_likability/base/044.wav,jp_likability,base,44,125484,f6e9d741b040847c39c06d61795ab5a8ae017ae2609e94db2b47fd1b7828c7de
data/audio_samples/jp_likability/base/045.wav,jp_likability,base,45,168364,833685e913ab3c1848a2befb2c2cd9d54efc0dd96f411d38f9d59ba06f813108
data/audio_samples/jp_likability/base/046.wav,jp_likability,base,46,172204,3ab350c2bca2481659cfca70fcef1b2779e0a4460a1d87e087e6902fb5b60695
data/audio_samples/jp_likability/base/047.wav,jp_likability,base,47,316844,c57e70bf94f51d8173accf82c1fd88c746e5a93bf0fa236bf23a918ca7c44d49
data/audio_samples/jp_likability/base/048.wav,jp_likability,base,48,295084,86df8578aecd755896e8e602c564e3d488c337cfa091477072baff29099f2ee5
data/audio_samples/jp_likability/base/049.wav,jp_likability,base,49,297644,ad8b0ae35f8ae4f05ad4e7f1ec30ec1815e715b9418f31d2e4865c4eb449fe18
data/audio_samples/jp_likability/best_of_8/000.wav,jp_likability,best_of_8,0,151084,c50d9581d85cf4646d4d7372ba89652a6b2c6b367ef670be4170e11d3aae7fd8
data/audio_samples/jp_likability/best_of_8/001.wav,jp_likability,best_of_8,1,191404,a9a9f49a5de2de1c5a5506824d4a0eebb03371a8aebbf670d12d71d93ae411b8
data/audio_samples/jp_likability/best_of_8/002.wav,jp_likability,best_of_8,2,167084,505e1dfad0f57039188f1901395e2e23089e0148c2475a23d74a8d47fd49dedd
data/audio_samples/jp_likability/best_of_8/003.wav,jp_likability,best_of_8,3,171564,a0e877b43c25ea09da49c806d85c876be5e0eb695382ed4260974558fd35a47a
data/audio_samples/jp_likability/best_of_8/004.wav,jp_likability,best_of_8,4,135724,e02b747c8850677f892bd85612b7450ce3cafd0142e37735e8b946a3cd3d4de7
data/audio_samples/jp_likability/best_of_8/005.wav,jp_likability,best_of_8,5,149164,8022886503655eb2b74798b4b0d0269d3f8a230477f5255ad9acb78954fca62b
data/audio_samples/jp_likability/best_of_8/006.wav,jp_likability,best_of_8,6,147884,7668fbb840dde5b97a3dadedc2e2bcaba16dad5d335fa4788c258c85b4cc3dfc
data/audio_samples/jp_likability/best_of_8/007.wav,jp_likability,best_of_8,7,119084,7c185e7db4f27c43a5c2ba9480add918699dc879a4b3f09a38509688c34b34bd
data/audio_samples/jp_likability/best_of_8/008.wav,jp_likability,best_of_8,8,133164,5bf522092159ef825ca4aeae504cd399d17c47cdc27279d2fea6cae268bd414b
data/audio_samples/jp_likability/best_of_8/009.wav,jp_likability,best_of_8,9,121644,875f371750a840283a57b09b1ad3de6fa395a6ab3d05190c961b6aa6e3cf73a6
data/audio_samples/jp_likability/best_of_8/010.wav,jp_likability,best_of_8,10,137644,6fe199fd9e50dd3d3af173f4645a0db66eac7c209a671ad6a7a34745de276eb0
data/audio_samples/jp_likability/best_of_8/011.wav,jp_likability,best_of_8,11,116524,c2dfcb497a80a05be95f0e536f4e7081d67cbd9eae96312c32fd1d12c4c4ca01
data/audio_samples/jp_likability/best_of_8/012.wav,jp_likability,best_of_8,12,323244,6ecfcefb9852233f576fd280eae1a5d6a22a38b04e891bac04964f076bef1f79
data/audio_samples/jp_likability/best_of_8/013.wav,jp_likability,best_of_8,13,252844,b8109ef25e8d28b309e294011e1465db5d9abbf2520e772440c72dec5d1ca926
data/audio_samples/jp_likability/best_of_8/014.wav,jp_likability,best_of_8,14,204204,27319253a9cf383eb712661d419ed05dedb2fbec161d0e63accb7b2ac84f0ac5
data/audio_samples/jp_likability/best_of_8/015.wav,jp_likability,best_of_8,15,246444,d6e72170584201a98a38af30b2de3ef9d856293cb85f07c2148908c20db8369c
data/audio_samples/jp_likability/best_of_8/016.wav,jp_likability,best_of_8,16,140204,ac16c2c137c4d03afe1808e834e6350c712a0d89d6e52d7e6fadd7885b2710f4
data/audio_samples/jp_likability/best_of_8/017.wav,jp_likability,best_of_8,17,142764,4ae025853b0da328049dbc808be31407017929020ef10f0f809d992000c4ebfe
data/audio_samples/jp_likability/best_of_8/018.wav,jp_likability,best_of_8,18,154284,9a3ba9cb1c43e224caa01cb250c141eefde2c26c1cdb86d93031b7f6ce18c0e8
data/audio_samples/jp_likability/best_of_8/019.wav,jp_likability,best_of_8,19,145964,a7dbff768cb7c39c50276c20ad9fb463eba27cf4821229753570bf3c54fc4697
data/audio_samples/jp_likability/best_of_8/020.wav,jp_likability,best_of_8,20,192684,3358b71f5762ae1b1ed70e5b77ebba1fc165bb6eab67f08d8b95d2661dc61494
data/audio_samples/jp_likability/best_of_8/021.wav,jp_likability,best_of_8,21,119084,7d7b847a55ca59ec787e7122d9282cc9af4d08c96a84766bb3192d64678d6ea7
data/audio_samples/jp_likability/best_of_8/022.wav,jp_likability,best_of_8,22,148524,2d1ec93efe1f6ebaef973076df675bafad37949280ba697cda5ff7c984026905
data/audio_samples/jp_likability/best_of_8/023.wav,jp_likability,best_of_8,23,132524,0cc715911f7ba4d0f958d82693e4aac7377847ed3afc141363dbc4f8e7a191fc
data/audio_samples/jp_likability/best_of_8/024.wav,jp_likability,best_of_8,24,145964,bc8f8bef02d96697f3a6a6aa084e5ee99329a4c323596c7f746d37891d6c61b7
data/audio_samples/jp_likability/best_of_8/025.wav,jp_likability,best_of_8,25,147244,cabad36909de78e1473236ad0e2ca38b55cf803b39d57dc61f6be4fcbc81ce9d
data/audio_samples/jp_likability/best_of_8/026.wav,jp_likability,best_of_8,26,102444,cf142cfb7099a65bac80bd9061e6bb98e4397ad54c1d3630dc191dccc06ff086
data/audio_samples/jp_likability/best_of_8/027.wav,jp_likability,best_of_8,27,131884,25f3a268a306544e368c78cda3efc56adf2f7e7249fab604198b29059a460f60
data/audio_samples/jp_likability/best_of_8/028.wav,jp_likability,best_of_8,28,121004,3e3094828cbce49e7e317197d8798b751a7c4ec6a02066136aee1b89d91757ed
data/audio_samples/jp_likability/best_of_8/029.wav,jp_likability,best_of_8,29,132524,11703c168e7880473fdc39cad9fdfd43a9cee067d3ea3bc5c05a9cb3f2ae4d55
data/audio_samples/jp_likability/best_of_8/030.wav,jp_likability,best_of_8,30,147244,611aecf2ebc1b4bb2b3507961863c2d1d2a3a4831366b03d29603381be990b67
data/audio_samples/jp_likability/best_of_8/031.wav,jp_likability,best_of_8,31,159404,1e5d85a6edb0848cd9e9ee8552bd7ab354cdcceb104ec1019f2ce4be54b4bea4
data/audio_samples/jp_likability/best_of_8/032.wav,jp_likability,best_of_8,32,145324,159e3848f70168329fce13e3b72c2157694e55fe4e83ee540b8cef2e1302aca2
data/audio_samples/jp_likability/best_of_8/033.wav,jp_likability,best_of_8,33,167724,400d6a9693e343fc5d474e2e55d65021555e6f3b4e422459f0d7f3c493f3c6bb
data/audio_samples/jp_likability/best_of_8/034.wav,jp_likability,best_of_8,34,138924,587f31018f56e77fbb549864a1eda7201cccbb59054d7cc1a7d4667b1184ba6c
data/audio_samples/jp_likability/best_of_8/035.wav,jp_likability,best_of_8,35,148524,377e54869fd898e5e158ce4714a7248eae31faa27046b441f157018b6f1df0eb
data/audio_samples/jp_likability/best_of_8/036.wav,jp_likability,best_of_8,36,1310764,37052bb149a4a12d3d300197b050e1abcc9fcfbc7803627ae8896ae5d094e10c
data/audio_samples/jp_likability/best_of_8/037.wav,jp_likability,best_of_8,37,217644,c2f242bf3c2efb14f46af05b9e333083d68913b080471f4eb412a20f4853df9d
data/audio_samples/jp_likability/best_of_8/038.wav,jp_likability,best_of_8,38,172204,837d1603248ae7e2ba903cc26d0cdbf2d7fbd0408a97fa0edd51da6c70918c47
data/audio_samples/jp_likability/best_of_8/039.wav,jp_likability,best_of_8,39,128684,c301937deccc999609ca0b4ce2d104ad58bac622a73711f44ab3a200928da55f
data/audio_samples/jp_likability/best_of_8/040.wav,jp_likability,best_of_8,40,159404,db1f669f31152100449b8b98bb966550665b4226f97d19892d291ac3a4c89def
data/audio_samples/jp_likability/best_of_8/041.wav,jp_likability,best_of_8,41,159404,0e2677c1c270008f8c01287b1961367eb7d37ead500c0e86b37b8a68acee7c03
data/audio_samples/jp_likability/best_of_8/042.wav,jp_likability,best_of_8,42,121644,7e9dd8af469b783b0267f6967db5a618a94b4f95081dafa05e39a8e42eec660f
data/audio_samples/jp_likability/best_of_8/043.wav,jp_likability,best_of_8,43,185004,b92d460a32184c62eb6108899258381e493c7a96f6df94ce73f0b647082f4d0b
data/audio_samples/jp_likability/best_of_8/044.wav,jp_likability,best_of_8,44,151724,511c449bc5a8a6c79a56c74903667abb0ff3efaf22531a20ca8d112aa99f1502
data/audio_samples/jp_likability/best_of_8/045.wav,jp_likability,best_of_8,45,165804,44d2179fbc2c3cc0ec07a46db6c5c091e4e83ed3569b1006b60b6722e207fb26
data/audio_samples/jp_likability/best_of_8/046.wav,jp_likability,best_of_8,46,202284,095deeb804695c28d344329b80146eea54f586bb096ef012e9f14b112972742a
data/audio_samples/jp_likability/best_of_8/047.wav,jp_likability,best_of_8,47,291884,1cd471ec0d24a78dc50a01e3ce9ce533687b0b464439361474f5c8fd0ec9c3db
data/audio_samples/jp_likability/best_of_8/048.wav,jp_likability,best_of_8,48,329004,5b61b43e5a0934ec74a09d1baf7b4afcfd1c9c383e3e67a737de1f1c78df2633
data/audio_samples/jp_likability/best_of_8/049.wav,jp_likability,best_of_8,49,329644,456c41491bc1602618017fc022b0781fedd70b81d138f72da91adc54db663172
data/audio_samples/jp_likability/grpo/000.wav,jp_likability,grpo,0,153644,fbba43d13554d55c5934de50ba46e0adc777452d848acabdcadbae0cbc351ed3
data/audio_samples/jp_likability/grpo/001.wav,jp_likability,grpo,1,179884,ecfe6427584c33af76d06ae1469182a5d171d80b318032d9429c0ab8ac8ec798
data/audio_samples/jp_likability/grpo/002.wav,jp_likability,grpo,2,156204,cf8804aca93f11a1924031deadc7a4d0991b663e7a3d6ae9ba138f169b15f70c
data/audio_samples/jp_likability/grpo/003.wav,jp_likability,grpo,3,174124,82971eb651768cf45b994c755dc0ac56da454c8dcd42c23b8e5046095cc3cc24
data/audio_samples/jp_likability/grpo/004.wav,jp_likability,grpo,4,133804,29519de11a24d17b242f18f39cac43fcf8665fba5622716a6de34e93a4111a0c
data/audio_samples/jp_likability/grpo/005.wav,jp_likability,grpo,5,148524,7a09bb3b6b258c1d92e2fe06ea59107d8bc4c979a18b075baea6efde1abeec07
data/audio_samples/jp_likability/grpo/006.wav,jp_likability,grpo,6,135724,916fecdfd94254039b8ea02e0f82a5e0c7b87aade8f86e5689bcaf2ef2fcbdb2
data/audio_samples/jp_likability/grpo/007.wav,jp_likability,grpo,7,111404,55aa58b7fadcd66d8eec59fb6c8d05e3ca94b286947ef0f2994be913300a4466
data/audio_samples/jp_likability/grpo/008.wav,jp_likability,grpo,8,146604,98b7f056d37df129340f51932bb8855cfd9d830afea4dd6f32aebaf845874209
data/audio_samples/jp_likability/grpo/009.wav,jp_likability,grpo,9,119084,bc1f0c05ecd6248048686cb2b2d3baea82cfa8cb00da78e84116852b715d454a
data/audio_samples/jp_likability/grpo/010.wav,jp_likability,grpo,10,135724,45de1c770386a7fbc435766f06dcc31b2f5bd3beacbb469e1295685d0204b7a9
data/audio_samples/jp_likability/grpo/011.wav,jp_likability,grpo,11,126124,bcb9de6ddbdd920dd61265f3b09d19f7464ac5a0042bf93ddc665849cceab7ca
data/audio_samples/jp_likability/grpo/012.wav,jp_likability,grpo,12,169004,321adaedfc158097145f7b071fd99e560e12df1a87cb8718071901a2cdf56096
data/audio_samples/jp_likability/grpo/013.wav,jp_likability,grpo,13,240044,fed0072c43fe030bfa0a53a5b6e8b61808437b9554cd61209c44ede5c05c53c5
data/audio_samples/jp_likability/grpo/014.wav,jp_likability,grpo,14,128684,f7fd3d94e4a99966daf1fae11692a87e44d5cbb69b6bebeb7687fca841dbfe2a
data/audio_samples/jp_likability/grpo/015.wav,jp_likability,grpo,15,203564,9d823bcc24c14165079ddd7a79186d40a31bb9ad98d92fbb3da0ff6fe44ab056
data/audio_samples/jp_likability/grpo/016.wav,jp_likability,grpo,16,151724,4a2a50b234ec3f474114cf375c5ed320442e4ca9d9834a144fbf022089fa3d92
data/audio_samples/jp_likability/grpo/017.wav,jp_likability,grpo,17,141484,49fa569b0148517777e9a69c6687fa08fd6e98d7f4d885a67692ff16135460c8
data/audio_samples/jp_likability/grpo/018.wav,jp_likability,grpo,18,170924,226204170807031cd3c84d4483b14f3764f9206fdae9eecc81eb6fefcf88c178
data/audio_samples/jp_likability/grpo/019.wav,jp_likability,grpo,19,136364,106df9540f425662225fca79b1ae5cfc76ba773cce55f299f09e575b2964a80b
data/audio_samples/jp_likability/grpo/020.wav,jp_likability,grpo,20,174764,8f933e164217c944cb31ecf517121b705a6188515c0b243c5656d9e55e13448d
data/audio_samples/jp_likability/grpo/021.wav,jp_likability,grpo,21,128044,52fce1eca91bb49a45bf78d4efe3d44c33f63e58fbd89c89b0c1428f1d37f36c
data/audio_samples/jp_likability/grpo/022.wav,jp_likability,grpo,22,142124,a8f4da0299597afe8f9711dcc292e8e65d1ffe297bfd3443328be5074aa3cef2
data/audio_samples/jp_likability/grpo/023.wav,jp_likability,grpo,23,141484,20834f7e66c8e04b8133d27e0d007a66e1fc04527655e3930d70d9ed02a6cadd
data/audio_samples/jp_likability/grpo/024.wav,jp_likability,grpo,24,128684,fc49e0587da89ab05ebcbd6c5c3223c45ad7bac372d9bf6de68e4014a9a592cc
data/audio_samples/jp_likability/grpo/025.wav,jp_likability,grpo,25,143404,a18e31e0dd0821eddfa9d8f9994ade809259dd6a141459f3af3abfb9ccc7d728
data/audio_samples/jp_likability/grpo/026.wav,jp_likability,grpo,26,107564,f850b71dc17b6292d82ab820b826e938598a0ad3293270e3d71d3755e6c35469
data/audio_samples/jp_likability/grpo/027.wav,jp_likability,grpo,27,146604,e3cd8f52d8d98ba964ad497d0ddc438397e887ef36db693abfc9db80882736b6
data/audio_samples/jp_likability/grpo/028.wav,jp_likability,grpo,28,118444,af5593951abad36d48723e5f75819108cabe4e08e9eaddb491c27da2723df4f4
data/audio_samples/jp_likability/grpo/029.wav,jp_likability,grpo,29,133164,b72a7ef47c9a8508eae15d23bcded81c519429e47b513105b0c24fd2d33ad97a
data/audio_samples/jp_likability/grpo/030.wav,jp_likability,grpo,30,128044,144af3b44e8d0e55e0229eeabf456cf9a164418f7aa5dabae483eff0e39abb64
data/audio_samples/jp_likability/grpo/031.wav,jp_likability,grpo,31,151724,5e984c512704ff941ab155c8aefb77f0b86b98e24177039c1ad016e4c34bb3bd
data/audio_samples/jp_likability/grpo/032.wav,jp_likability,grpo,32,143404,97e2c57d0ac40ae356a27f8288fc92416171bfb20728fa0264e545c1d8a04a64
data/audio_samples/jp_likability/grpo/033.wav,jp_likability,grpo,33,164524,89edcfe60c91a7dd5a574749f9627abe6f503a3f4bc21336fea7bbb0511aa833
data/audio_samples/jp_likability/grpo/034.wav,jp_likability,grpo,34,147244,52448e69b4da333948fc97b50e3390d3add16e9213650bebf82e51286217a5c2
data/audio_samples/jp_likability/grpo/035.wav,jp_likability,grpo,35,152364,1dc1a12c7531521bdb50070242dd95165076277c9a78de88e2f2aa9d45121444
data/audio_samples/jp_likability/grpo/036.wav,jp_likability,grpo,36,244524,81895180d06a58225a96ef76c5971d0e608b2e2e30e9e95a1c42089d1dd3040d
data/audio_samples/jp_likability/grpo/037.wav,jp_likability,grpo,37,179244,4b5259ac0fe12bcec0fbece8d0d99ba3f203f8ab81b0df49438e0c5434014162
data/audio_samples/jp_likability/grpo/038.wav,jp_likability,grpo,38,189484,cb381458d428d907072d2795fda2901b2e93440e43ef04dfe78fdbd1bead0f04
data/audio_samples/jp_likability/grpo/039.wav,jp_likability,grpo,39,145324,f7f2af704930ec2260c1ec9bab0fb959f5cf8d5e75f31b47b73c42a065c6e45b
data/audio_samples/jp_likability/grpo/040.wav,jp_likability,grpo,40,129964,ba2e6e9d9f0f3f1cd62a90d6a7589daa55187a7faf6bcda59bb6c9de217ae920
data/audio_samples/jp_likability/grpo/041.wav,jp_likability,grpo,41,129964,fd091eb5c0f477cd8eb589a70350b7be6a0d3b7cf41470b7e4c96b9c757c1c56
data/audio_samples/jp_likability/grpo/042.wav,jp_likability,grpo,42,143404,6f09786ab7bf09292c06a657354795fde93b10b7d053835e19331ed39c3aff0f
data/audio_samples/jp_likability/grpo/043.wav,jp_likability,grpo,43,154284,3074258fdec8fba054dbe107ee94d82c769808e9216896920cc04a763cdabf0a
data/audio_samples/jp_likability/grpo/044.wav,jp_likability,grpo,44,146604,f087992d0901933ecadef4b71d5f2ebc76081a2ae94a250479ef3c81e51f23d0
data/audio_samples/jp_likability/grpo/045.wav,jp_likability,grpo,45,161964,faa5ce58eff77424d5c1f8db09ed7dd7e1d4e0687405160a5f5a8c88478621d0
data/audio_samples/jp_likability/grpo/046.wav,jp_likability,grpo,46,178604,7e6fce15d3749169aecbd8dc7bdb6590e81adc6f49ad02f500fd99d9bda6d332
data/audio_samples/jp_likability/grpo/047.wav,jp_likability,grpo,47,348204,736ae61ef509353eff493cde5ce4c768ef1db83ca10602f2ed69e5079217ec49
data/audio_samples/jp_likability/grpo/048.wav,jp_likability,grpo,48,320684,4bac0084908ce4c7773242d54c206b575d6926162ab37045718e0fb78ef14e87
data/audio_samples/jp_likability/grpo/049.wav,jp_likability,grpo,49,373164,b80a7fe663f6c42a9f11c5b99e5c0b17625fc0929094da53d1ab1f64e133e249
data/audio_samples/jp_utmos/base/000.wav,jp_utmos,base,0,190124,0ac58867910ccf315c0d56aa79c06ddd2f95500979225713c4709f6c7e8cccec
data/audio_samples/jp_utmos/base/001.wav,jp_utmos,base,1,206124,1fd7c294eb9c48ad024a2e3daab43e33b451013d05e97b974ddaca3848faa239
data/audio_samples/jp_utmos/base/002.wav,jp_utmos,base,2,142764,c4441d01219971d7c61421c82d81f432e9dc1a922b01a55e1c5478bad0171184
data/audio_samples/jp_utmos/base/003.wav,jp_utmos,base,3,169004,4f6688860b2b12d49678136f43040da0536b006679fbd1976f107319a69b83f0
data/audio_samples/jp_utmos/base/004.wav,jp_utmos,base,4,147884,45f6e92a985769723cc68b0c420c5bd3508880bbdd3ea8c55b9b08dc2993995a
data/audio_samples/jp_utmos/base/005.wav,jp_utmos,base,5,148524,01969c64bc7ddefb40e2eee8544d825018608e96eb96119b778813c28af8cd66
data/audio_samples/jp_utmos/base/006.wav,jp_utmos,base,6,129964,dabd4ac08246bca2a1c29ca2019678f2871e0eff7a62a2f47de21a9a6f9e15ac
data/audio_samples/jp_utmos/base/007.wav,jp_utmos,base,7,121644,10b616d217261021aa59f1699f63351a485a5dba58c95de82c48545a84f6606f
data/audio_samples/jp_utmos/base/008.wav,jp_utmos,base,8,174764,5d395941604c9e6ee7fb04b113be01317c499b31643ee021dea4f4657762c276
data/audio_samples/jp_utmos/base/009.wav,jp_utmos,base,9,111404,c8963df689808a407b0094a528b0e66bc7c4cf11a5f940762c2157e6102722f2
data/audio_samples/jp_utmos/base/010.wav,jp_utmos,base,10,135724,b4c287647dfcd33ddc2d85aa917951437d93e851b12462051a5a6afd5be30730
data/audio_samples/jp_utmos/base/011.wav,jp_utmos,base,11,158764,41c375d263338464e82915e0f96917b0a7ac21fd7496ee8b770238f7da6ac7f7
data/audio_samples/jp_utmos/base/012.wav,jp_utmos,base,12,214444,be5a285d146e902b0aa67d4028c43d970f84e62f424215f6433b366c8e1a160e
data/audio_samples/jp_utmos/base/013.wav,jp_utmos,base,13,234924,1dd9bd9c5f0e397f96af2f3c2466be9984ad3dc6e19b0126bd83954114a0979b
data/audio_samples/jp_utmos/base/014.wav,jp_utmos,base,14,206124,1a839bc0e91e478e5cb276763e7bcbef6d9b10bf08f27f0f97cb9e76afc7bd4c
data/audio_samples/jp_utmos/base/015.wav,jp_utmos,base,15,207404,35398f29cd9cf7058e1c4b8f747f5ab49db420767ef217a7574234df5184be5c
data/audio_samples/jp_utmos/base/016.wav,jp_utmos,base,16,290604,01680bf59222fcd955d021e3013541d0a7423a07d6a1252e59fefb40b4cfd45e
data/audio_samples/jp_utmos/base/017.wav,jp_utmos,base,17,161324,5e399ef55424dcaa24841b27a387bfbdfb3a6f604aa6ecb136b8d3f22b94066b
data/audio_samples/jp_utmos/base/018.wav,jp_utmos,base,18,172204,33613adf9b2f6c15421c5c4e8e56a21551af98ab09f5940a7473c45984aa27dc
data/audio_samples/jp_utmos/base/019.wav,jp_utmos,base,19,133164,7c9e4d93e31637c97c7054a339481fe983dbaf366628b2303942d6051d2aeb0d
data/audio_samples/jp_utmos/base/020.wav,jp_utmos,base,20,139564,b7e81a59633082f2fa3ef50c4e9e0b268afc8e2923ae0f80000e90679b6c142e
data/audio_samples/jp_utmos/base/021.wav,jp_utmos,base,21,138284,d2b610134803009169fa226eaf3d92074f6e58a0f59e2313556820a70e2ce9ca
data/audio_samples/jp_utmos/base/022.wav,jp_utmos,base,22,147244,64ea84919c28bb5e21a5b91b605d57561129cfe6787862589e784385db9cfa8b
data/audio_samples/jp_utmos/base/023.wav,jp_utmos,base,23,141484,ef91c1dad7903756bca784a27d91e2d69497ad7d416f9955cff6d256db421834
data/audio_samples/jp_utmos/base/024.wav,jp_utmos,base,24,157484,9972e0b89763993e72c06952e52fcb47397cc82a2124b47866dba7093b9044b8
data/audio_samples/jp_utmos/base/025.wav,jp_utmos,base,25,144684,675e5e6a44582c824df6687e8240f4d963029af2a01fbcd8eed79067ab322239
data/audio_samples/jp_utmos/base/026.wav,jp_utmos,base,26,121644,f4a37998509bd8ec00d323892fac22b54246e333c13a16c7b127ea6e8697ec81
data/audio_samples/jp_utmos/base/027.wav,jp_utmos,base,27,158124,1e65155cec0bf4e1768dcb82e6d2d85a1107260a787553925b4c25aadff0e784
data/audio_samples/jp_utmos/base/028.wav,jp_utmos,base,28,128684,8e5971e0380322cb3a56dc39f68577e0c309aeefa6e409c2b02c5914051c0556
data/audio_samples/jp_utmos/base/029.wav,jp_utmos,base,29,128684,9de6a0006cafdaf7f591dff1bca7704a78b693e57e8577a2120508e40f4fbc9e
data/audio_samples/jp_utmos/base/030.wav,jp_utmos,base,30,153644,d669b460ea3b22640569d6fbb4de18c81287c784ce1812d3c13f20ec8a5ce2d5
data/audio_samples/jp_utmos/base/031.wav,jp_utmos,base,31,266924,dc75d22acb53f06e8b7f2fe43ffc9c1155dadf5b129651b762729f2835f43ccb
data/audio_samples/jp_utmos/base/032.wav,jp_utmos,base,32,143404,6d82411604b0714f5e328a5a2a311e05e410d6a67c85872aa31ccf60d88e0e0e
data/audio_samples/jp_utmos/base/033.wav,jp_utmos,base,33,165804,473a24aed315c0bb6c61dd77029096eedcdb1a4f2b1801e84ee40c67323a139e
data/audio_samples/jp_utmos/base/034.wav,jp_utmos,base,34,122284,c8d3a4c72a7805d6bd7209cb64fdfd8669bd65a654e91c3976d76bd4ff7e70d1
data/audio_samples/jp_utmos/base/035.wav,jp_utmos,base,35,148524,47eaf2cca4da2237c4fe9f2e2b9181d63e1187ed235f9c78febdd0da222d936c
data/audio_samples/jp_utmos/base/036.wav,jp_utmos,base,36,1310764,3ca2dd997bc7b45d51ea441fcb0f2633b39668a9697e67e1db4e99de5034eb8a
data/audio_samples/jp_utmos/base/037.wav,jp_utmos,base,37,277164,efade612ce3447cc347c79a80f727afed1ca3f987b5f1abb535983c88a7e7b9b
data/audio_samples/jp_utmos/base/038.wav,jp_utmos,base,38,173484,eebddf082e853c11c7a573a79ef3ea6afab3089ade395d4d0bff08aa7c8eb36a
data/audio_samples/jp_utmos/base/039.wav,jp_utmos,base,39,162604,2ff70e5d0f73538f3a0d3e70aa1ec61e698f6dba15f99e6b1b4d72bf609fffba
data/audio_samples/jp_utmos/base/040.wav,jp_utmos,base,40,156204,be263dc60ed82873bf43c603cc0092e7046b4e31ab25c3c53bd737e0878069e7
data/audio_samples/jp_utmos/base/041.wav,jp_utmos,base,41,144044,014ef02b0ae74a2d21250f69129e5eba366bf972af11e0d64b87614da4655de5
data/audio_samples/jp_utmos/base/042.wav,jp_utmos,base,42,141484,c596d8861cd1e11ff32b1498f6508acc37d1efea4520a607b032aa8e59c2730e
data/audio_samples/jp_utmos/base/043.wav,jp_utmos,base,43,150444,5b11769e803e0e6543d778970447967752e7688c2a84bae77b4cc0f760e39568
data/audio_samples/jp_utmos/base/044.wav,jp_utmos,base,44,125484,f6e9d741b040847c39c06d61795ab5a8ae017ae2609e94db2b47fd1b7828c7de
data/audio_samples/jp_utmos/base/045.wav,jp_utmos,base,45,168364,833685e913ab3c1848a2befb2c2cd9d54efc0dd96f411d38f9d59ba06f813108
data/audio_samples/jp_utmos/base/046.wav,jp_utmos,base,46,172204,3ab350c2bca2481659cfca70fcef1b2779e0a4460a1d87e087e6902fb5b60695
data/audio_samples/jp_utmos/base/047.wav,jp_utmos,base,47,316844,c57e70bf94f51d8173accf82c1fd88c746e5a93bf0fa236bf23a918ca7c44d49
data/audio_samples/jp_utmos/base/048.wav,jp_utmos,base,48,295084,86df8578aecd755896e8e602c564e3d488c337cfa091477072baff29099f2ee5
data/audio_samples/jp_utmos/base/049.wav,jp_utmos,base,49,297644,ad8b0ae35f8ae4f05ad4e7f1ec30ec1815e715b9418f31d2e4865c4eb449fe18
data/audio_samples/jp_utmos/best_of_8/000.wav,jp_utmos,best_of_8,0,151084,c50d9581d85cf4646d4d7372ba89652a6b2c6b367ef670be4170e11d3aae7fd8
data/audio_samples/jp_utmos/best_of_8/001.wav,jp_utmos,best_of_8,1,158124,ef55d03762cb5dbf73e5fc6e7b85b0681401c117740723817d3838ad00bebc20
data/audio_samples/jp_utmos/best_of_8/002.wav,jp_utmos,best_of_8,2,167084,505e1dfad0f57039188f1901395e2e23089e0148c2475a23d74a8d47fd49dedd
data/audio_samples/jp_utmos/best_of_8/003.wav,jp_utmos,best_of_8,3,171564,a0e877b43c25ea09da49c806d85c876be5e0eb695382ed4260974558fd35a47a
data/audio_samples/jp_utmos/best_of_8/004.wav,jp_utmos,best_of_8,4,134444,7fce009eb740d89a351e15ce7e1148483b99355e1e054c7596f2138d5ff43c2c
data/audio_samples/jp_utmos/best_of_8/005.wav,jp_utmos,best_of_8,5,149164,8022886503655eb2b74798b4b0d0269d3f8a230477f5255ad9acb78954fca62b
data/audio_samples/jp_utmos/best_of_8/006.wav,jp_utmos,best_of_8,6,159404,d870dee1e9f84b9f30e78b3cac4ddbbe12a66e460059785fdba7c7c2de832b50
data/audio_samples/jp_utmos/best_of_8/007.wav,jp_utmos,best_of_8,7,119084,7c185e7db4f27c43a5c2ba9480add918699dc879a4b3f09a38509688c34b34bd
data/audio_samples/jp_utmos/best_of_8/008.wav,jp_utmos,best_of_8,8,158764,6e14bb2c77688caaa805ce9347687a501d67ecb02541dc2ecb8a583704a0b6f6
data/audio_samples/jp_utmos/best_of_8/009.wav,jp_utmos,best_of_8,9,118444,d6621b9c2564257c6dc8971424920d2f7a0b1936b14adfa87b6c6d5195deeddd
data/audio_samples/jp_utmos/best_of_8/010.wav,jp_utmos,best_of_8,10,133164,fae318031a2d1415f2f46c960dcf31109d8580bcd1e0fd45c66554604fac6289
data/audio_samples/jp_utmos/best_of_8/011.wav,jp_utmos,best_of_8,11,128044,cdb2a0093b2a4efeed322b2a38087a6995b6dff485c2d017a4f7ad1210d6e092
data/audio_samples/jp_utmos/best_of_8/012.wav,jp_utmos,best_of_8,12,323244,6ecfcefb9852233f576fd280eae1a5d6a22a38b04e891bac04964f076bef1f79
data/audio_samples/jp_utmos/best_of_8/013.wav,jp_utmos,best_of_8,13,252844,b8109ef25e8d28b309e294011e1465db5d9abbf2520e772440c72dec5d1ca926
data/audio_samples/jp_utmos/best_of_8/014.wav,jp_utmos,best_of_8,14,204204,27319253a9cf383eb712661d419ed05dedb2fbec161d0e63accb7b2ac84f0ac5
data/audio_samples/jp_utmos/best_of_8/015.wav,jp_utmos,best_of_8,15,246444,d6e72170584201a98a38af30b2de3ef9d856293cb85f07c2148908c20db8369c
data/audio_samples/jp_utmos/best_of_8/016.wav,jp_utmos,best_of_8,16,267564,27e67be2c3538605ce86cafc568792e7d42aac64b499603aad6044d148d50a67
data/audio_samples/jp_utmos/best_of_8/017.wav,jp_utmos,best_of_8,17,141484,1371846f45f2c1310856e87a6095fe4c23eafe0f8f74fb194d6b46c7670971f8
data/audio_samples/jp_utmos/best_of_8/018.wav,jp_utmos,best_of_8,18,154284,9a3ba9cb1c43e224caa01cb250c141eefde2c26c1cdb86d93031b7f6ce18c0e8
data/audio_samples/jp_utmos/best_of_8/019.wav,jp_utmos,best_of_8,19,145964,a7dbff768cb7c39c50276c20ad9fb463eba27cf4821229753570bf3c54fc4697
data/audio_samples/jp_utmos/best_of_8/020.wav,jp_utmos,best_of_8,20,192684,3358b71f5762ae1b1ed70e5b77ebba1fc165bb6eab67f08d8b95d2661dc61494
data/audio_samples/jp_utmos/best_of_8/021.wav,jp_utmos,best_of_8,21,187564,deb7cc74969d0be12f7ff48879eb630c2329b5b04ab0ce0239b3bb1c6b865f48
data/audio_samples/jp_utmos/best_of_8/022.wav,jp_utmos,best_of_8,22,139564,92b0c613fb4c570104bdf6c2f056920a78fba067a198fdeff065b76c27a4cc9a
data/audio_samples/jp_utmos/best_of_8/023.wav,jp_utmos,best_of_8,23,132524,0cc715911f7ba4d0f958d82693e4aac7377847ed3afc141363dbc4f8e7a191fc
data/audio_samples/jp_utmos/best_of_8/024.wav,jp_utmos,best_of_8,24,149164,b60a1886c76885dd18b9d3f216f970424b05b9a88a12c715c02d186e2bd7a304
data/audio_samples/jp_utmos/best_of_8/025.wav,jp_utmos,best_of_8,25,155564,94fc2f4f669b493ccbd952ee33ed18c5b987f437774e4c397ebba7c3a01c4b4e
data/audio_samples/jp_utmos/best_of_8/026.wav,jp_utmos,best_of_8,26,113964,e536f112b82e0de5a51d3c85458d781453bbc5728539df5551caeb82b7a2e6bc
data/audio_samples/jp_utmos/best_of_8/027.wav,jp_utmos,best_of_8,27,151084,48a155d44defca9c30d2a768b604a5c54394367ffe63f2a0a8c9d1139bf4d63f
data/audio_samples/jp_utmos/best_of_8/028.wav,jp_utmos,best_of_8,28,121004,3e3094828cbce49e7e317197d8798b751a7c4ec6a02066136aee1b89d91757ed
data/audio_samples/jp_utmos/best_of_8/029.wav,jp_utmos,best_of_8,29,160684,f24f554911ba84053ef9ee7cebbfd4d94b905f3a7ef78e22d35346c68dfb2ee5
data/audio_samples/jp_utmos/best_of_8/030.wav,jp_utmos,best_of_8,30,147244,611aecf2ebc1b4bb2b3507961863c2d1d2a3a4831366b03d29603381be990b67
data/audio_samples/jp_utmos/best_of_8/031.wav,jp_utmos,best_of_8,31,206124,d48766a71e95b4cece79c72fc057dbb9753f166993bdb7bb30b3b577e2ae25a4
data/audio_samples/jp_utmos/best_of_8/032.wav,jp_utmos,best_of_8,32,151084,231f6f86594f8e59159bb2fff190f07796dea746b50ab1a9114a455d657f5eaf
data/audio_samples/jp_utmos/best_of_8/033.wav,jp_utmos,best_of_8,33,172204,09ee8b7f329444b0314d9a9163e67f1942d70171e489715594bff28b6845c285
data/audio_samples/jp_utmos/best_of_8/034.wav,jp_utmos,best_of_8,34,133164,d75463ab872137180e7cf29572fbaf7ed0323d51d2592c653f0a0ea1b81e0d1e
data/audio_samples/jp_utmos/best_of_8/035.wav,jp_utmos,best_of_8,35,148524,377e54869fd898e5e158ce4714a7248eae31faa27046b441f157018b6f1df0eb
data/audio_samples/jp_utmos/best_of_8/036.wav,jp_utmos,best_of_8,36,1310764,37052bb149a4a12d3d300197b050e1abcc9fcfbc7803627ae8896ae5d094e10c
data/audio_samples/jp_utmos/best_of_8/037.wav,jp_utmos,best_of_8,37,217644,c2f242bf3c2efb14f46af05b9e333083d68913b080471f4eb412a20f4853df9d
data/audio_samples/jp_utmos/best_of_8/038.wav,jp_utmos,best_of_8,38,167724,e48caa3b8f46af4eda894ca34461dac987f0692a286bfb31ac4095674f2cff23
data/audio_samples/jp_utmos/best_of_8/039.wav,jp_utmos,best_of_8,39,142764,dce3fc4a6a60f78820ae7076b1d949119145f3d8ed3441aeded4ee6169c7a432
data/audio_samples/jp_utmos/best_of_8/040.wav,jp_utmos,best_of_8,40,145964,97ac707f8d6df4f3d293e00eb66201fe4bbd905e998cfd15ce954d05d2ad6466
data/audio_samples/jp_utmos/best_of_8/041.wav,jp_utmos,best_of_8,41,159404,0e2677c1c270008f8c01287b1961367eb7d37ead500c0e86b37b8a68acee7c03
data/audio_samples/jp_utmos/best_of_8/042.wav,jp_utmos,best_of_8,42,149164,de16d8014382ea6ebad588c6975317363f071fb92ebc4ef1ee3267fc63accc0e
data/audio_samples/jp_utmos/best_of_8/043.wav,jp_utmos,best_of_8,43,185004,b92d460a32184c62eb6108899258381e493c7a96f6df94ce73f0b647082f4d0b
data/audio_samples/jp_utmos/best_of_8/044.wav,jp_utmos,best_of_8,44,151084,d566b6d397195d861b97729d28b14cc43baafa1adb77b17162e5bc341b8b9811
data/audio_samples/jp_utmos/best_of_8/045.wav,jp_utmos,best_of_8,45,183084,785415efea82b85c0083a14f9ae7fc7b8351b33a923410902cd0536d02618e68
data/audio_samples/jp_utmos/best_of_8/046.wav,jp_utmos,best_of_8,46,202284,095deeb804695c28d344329b80146eea54f586bb096ef012e9f14b112972742a
data/audio_samples/jp_utmos/best_of_8/047.wav,jp_utmos,best_of_8,47,302124,a6027d518e4e44147564a36effdd942ea63a6800a665454d05f42397b367e799
data/audio_samples/jp_utmos/best_of_8/048.wav,jp_utmos,best_of_8,48,326444,6952ca2d1d92ad60a4aa24a67cd1c516fba93dc08f9e6a21a981b16226058d9c
data/audio_samples/jp_utmos/best_of_8/049.wav,jp_utmos,best_of_8,49,322604,bf7f07bc518107ea17fbbda1cdb4cfd372aee6d92139e9b6d9c5d58db8a417e7
data/audio_samples/jp_utmos/grpo/000.wav,jp_utmos,grpo,0,142124,a0533a2f7f8e7dbc8acaba0409ae7a7cfb161805911b40dab4e26278f8a95559
data/audio_samples/jp_utmos/grpo/001.wav,jp_utmos,grpo,1,165164,2c2b8eb94754dcde9e3faeaf854f0c5519cf269883ee86f8a1893522b1c38aaf
data/audio_samples/jp_utmos/grpo/002.wav,jp_utmos,grpo,2,270764,cd665c8c9d9969fcd5334e9af31135cc09ad05003bde460753ab9faebef515fd
data/audio_samples/jp_utmos/grpo/003.wav,jp_utmos,grpo,3,191404,c1ca3ae2b52f909873eb1506796da52539297ffe9b395bde7478cb3380d41875
data/audio_samples/jp_utmos/grpo/004.wav,jp_utmos,grpo,4,126764,955ba72b5cab82442a5012c395c74e0746143b5691318dac9875fdec9d55c836
data/audio_samples/jp_utmos/grpo/005.wav,jp_utmos,grpo,5,148524,27c0ce87f99f3975ac55720ce0450374a5ace4776677043ab0a2ea16d1fe813a
data/audio_samples/jp_utmos/grpo/006.wav,jp_utmos,grpo,6,131884,81af73df8d56cc5052c128e807fc484de79d7470a79acf61bb062551a0edcfd6
data/audio_samples/jp_utmos/grpo/007.wav,jp_utmos,grpo,7,120364,e58543d90f81cf9d4d7cc5bdca058511ef0db9ff5e8ca494e296207815f49acd
data/audio_samples/jp_utmos/grpo/008.wav,jp_utmos,grpo,8,146604,ec4ae3211b060a5395d566b65dca552d68f848509f11cf4237840a454a783edc
data/audio_samples/jp_utmos/grpo/009.wav,jp_utmos,grpo,9,113964,08f985e1ca6df1390e2705f53a93b7b7321a92cf06b44ac3f518af630b25a958
data/audio_samples/jp_utmos/grpo/010.wav,jp_utmos,grpo,10,133164,3f904340f3dea055fff8c895b881bd300db02342b844a1ef70669af1896d89d8
data/audio_samples/jp_utmos/grpo/011.wav,jp_utmos,grpo,11,133164,bcb05f193d47c0e01b24fc775736ac7e1c056be5bc8e6af99ba6e231b7335447
data/audio_samples/jp_utmos/grpo/012.wav,jp_utmos,grpo,12,197164,7a1bf440d9c29afa4bc0e036d4b595c482dbe966d55f629354f6a6f298826d77
data/audio_samples/jp_utmos/grpo/013.wav,jp_utmos,grpo,13,231084,1abdf46d9648882d194292c4bd2da2d35bc4b9ecd4c83422d47fd082399c35bc
data/audio_samples/jp_utmos/grpo/014.wav,jp_utmos,grpo,14,170924,ea17baa758238f947aa6aa7d22ae59ff4c05436b6f074924f663f1153aea3533
data/audio_samples/jp_utmos/grpo/015.wav,jp_utmos,grpo,15,131244,d09c61c8b28caecc34b0fb4899319c21ca36333f18bb20116aa9ad7ae3ee3a13
data/audio_samples/jp_utmos/grpo/016.wav,jp_utmos,grpo,16,141484,3708fc42d9172058c6c1f4ceca4389b215b195443b4f8f6ad62ebfe21c367d0e
data/audio_samples/jp_utmos/grpo/017.wav,jp_utmos,grpo,17,131884,d501902231fc64377eaf8b4b0570128621521b2ce14f5573a4ec22fc78783d77
data/audio_samples/jp_utmos/grpo/018.wav,jp_utmos,grpo,18,156204,61d471c0ab8641ce8b8c55612a0b8864b6120a8adc056fd9d31c86595ac4298d
data/audio_samples/jp_utmos/grpo/019.wav,jp_utmos,grpo,19,121644,86534801ac088a0732402291a8aa774511167493d3190d1de0685d9be4214026
data/audio_samples/jp_utmos/grpo/020.wav,jp_utmos,grpo,20,165804,8e58473fae165c221264bfeda96862fd64bab0ab072960c279bf03c1a202f7ec
data/audio_samples/jp_utmos/grpo/021.wav,jp_utmos,grpo,21,124204,b1cb71bcc83758015f3dbc5cc078a19a80e24bbecec0bc30a2fec652ed93d934
data/audio_samples/jp_utmos/grpo/022.wav,jp_utmos,grpo,22,148524,cb313c44ffa7e00483ac1f68ae13d7651daadf2bc0ef1d05530905e987f87ee6
data/audio_samples/jp_utmos/grpo/023.wav,jp_utmos,grpo,23,133164,fc85fdb56ecfaefb34cd56dd81c830897f1c5971a1bc6482d1914d2e6f098d50
data/audio_samples/jp_utmos/grpo/024.wav,jp_utmos,grpo,24,141484,885d40a8409f02446cfe883d79c06b8b6d06b6f5439f8a1296e10ba57031f9a6
data/audio_samples/jp_utmos/grpo/025.wav,jp_utmos,grpo,25,140204,90eb190e5690ea6b96c9f035f9b23c406375e93edcdf8aca19658f8f2dbb1e23
data/audio_samples/jp_utmos/grpo/026.wav,jp_utmos,grpo,26,111404,7cb7578655c1ea66fbbdb01fd11a0f21489f711eea14c0aa2b08d29c7fddad3f
data/audio_samples/jp_utmos/grpo/027.wav,jp_utmos,grpo,27,138924,893f8ac21fd664d44df36565df202443e67c0debe415a1abbf49afd665b17eb3
data/audio_samples/jp_utmos/grpo/028.wav,jp_utmos,grpo,28,114604,49b8c8ce301585d8cc9da1803f6eecdc2150de5b406fdc291d50d2ebfed55d37
data/audio_samples/jp_utmos/grpo/029.wav,jp_utmos,grpo,29,140844,ec72a3a71d04c070b50914ed204056cfbc6c9fa0a6758cb7557e0c8284a5a5eb
data/audio_samples/jp_utmos/grpo/030.wav,jp_utmos,grpo,30,135724,56940386ead0c9578f429a4d6de672c7a07334dc26b9792699980d71cb841044
data/audio_samples/jp_utmos/grpo/031.wav,jp_utmos,grpo,31,144684,5f4a47909faa8ec905f5ceaf5b35a038f2a298e4a3eede20497b2623d3370cdc
data/audio_samples/jp_utmos/grpo/032.wav,jp_utmos,grpo,32,146604,d111ed188bc49887574519c47099e19fe14633d96079b35f314d2606c93eb574
data/audio_samples/jp_utmos/grpo/033.wav,jp_utmos,grpo,33,170924,7232e7de5605c0fddf81c1a3d60e6b5230b18c043501b7abe0652ce276df34e7
data/audio_samples/jp_utmos/grpo/034.wav,jp_utmos,grpo,34,147244,6ac4bfddad32a812a7363a83693987e162840f3d52580bfd25c0724aa50079b6
data/audio_samples/jp_utmos/grpo/035.wav,jp_utmos,grpo,35,141484,b31dfbb92cdc066f1ab2a928c1e66b50d5df28297d7ccd81885ca62f653aad2d
data/audio_samples/jp_utmos/grpo/036.wav,jp_utmos,grpo,36,191404,c2d2174de1ee71b0fdc038c3921258a978e0c01d537eaa5668c232a75fbea027
data/audio_samples/jp_utmos/grpo/037.wav,jp_utmos,grpo,37,164524,bb831e52cf78a46d61f8050dfb2f59bcffb816d5b4c77045dc75d7bcad338052
data/audio_samples/jp_utmos/grpo/038.wav,jp_utmos,grpo,38,169004,30df2fa8df793be04bb7a4b7591b4687b4380a21c5a670707caa8bd2a5f0d1e0
data/audio_samples/jp_utmos/grpo/039.wav,jp_utmos,grpo,39,139564,15421330e6966f75aa7cc2c9feee4f118e2d3b1f1cf8616c897cc04199eafc55
data/audio_samples/jp_utmos/grpo/040.wav,jp_utmos,grpo,40,128044,9e5830199d558c9c71dea40884459707966281d6e230cda9baeeed7991737b6d
data/audio_samples/jp_utmos/grpo/041.wav,jp_utmos,grpo,41,129324,c8eab4b06609e97fc41bca6154982705d655aa5c4ad5aee2ede6771127ccbfc6
data/audio_samples/jp_utmos/grpo/042.wav,jp_utmos,grpo,42,142764,38e64f0703003959edacb57f8414817e02628cd6d1ee0a82a40f6c9851dbdab9
data/audio_samples/jp_utmos/grpo/043.wav,jp_utmos,grpo,43,158764,9ae1417cd57de357669f9434425a8ff7ce7a8d6dab63ef905ecbe33dca02a513
data/audio_samples/jp_utmos/grpo/044.wav,jp_utmos,grpo,44,139564,dbc2ea32d20fca15931a2000d89b3c4ef8be443ffc4a6ac7c8d76214d3f983bd
data/audio_samples/jp_utmos/grpo/045.wav,jp_utmos,grpo,45,183724,f2145a293122192bc96ca2d2aa2626cdd70d283fa3d97e748b5a9a6303c1b3f0
data/audio_samples/jp_utmos/grpo/046.wav,jp_utmos,grpo,46,169644,77ab43a1afee008f3ae9938487c8a06b96326ab4813e58bf7d5fd55f5756b369
data/audio_samples/jp_utmos/grpo/047.wav,jp_utmos,grpo,47,342444,5cbee806ae69e9c1a5ef52f8e81213eb474160177f4b6b6f2ac02149775b784f
data/audio_samples/jp_utmos/grpo/048.wav,jp_utmos,grpo,48,304684,691ddf65a2a51560d8431b5fae9b6e1c442743fed3fc0ed34e6cc2a653ff1ac7
data/audio_samples/jp_utmos/grpo/049.wav,jp_utmos,grpo,49,330284,a1ed115166b9892de9583f021f7e3d23b3d6934115e380d8f5b9b8d45b8dffd0
