idx,id,text
0,,また、東寺のように、五大明王と呼ばれる、主要な明王の中央に配されることも多い。
1,,ニューイングランド風は、牛乳をベースとした、白いクリームスープであり、ボストンクラムチャウダーとも呼ばれる。
2,,コンピュータゲームのメーカーや、業界団体などに関連する人物のカテゴリ。
3,,サービスマネージャー導入駅のため、大井町駅から、遠隔管理している。
4,,ツュレンハルト領は、ヴュルテンベルク領に編入された。
5,,時間領域と、空間領域で共通する処理手法は、フィルタリングによる、入力信号の強化である。
6,,シャンチーの専業プロは、チームから支払われる給料と、対局費を、主な収入としている。
7,,また禰寝氏は、中山王の治める、琉球王国との交易にも参加した。
8,,スマートフォンから、フィーチャーフォンまで、マルチデバイスに対応。
9,,軽妙洒脱なナレーションから、情緒感溢れる語りまで、幅広い表現力を持つ。
10,,構造は、鋼製の単一アーチで、橋脚は、石積みである。
11,,そこへ、オーナーが新しいシェフとして、腕利きのヒョヌクを招く。
12,,クィーンズアベニューアルファに所属している。
13,,一方で、漁業と商業で、リャネス港は繁栄していた。
14,,この、ニューサウスウェールズ代表チームが、ワラビーズの中核となって行く。
15,,ただし、ギャンブル依存症の入院治療を行っている病院は、わずかである。
16,,他のメジャーなディストリビューションに比べ、セキュリティー上の問題の修正が、遅い場合もある。
17,,ベルガートーア前の、ヴェディゲンウーファーパークには、戦争と弾圧の犠牲者のための記念碑が建っている。
18,,全米パブリッシャーズ協会の、ベストストラテジーゲームオブザイヤーを、日本人として受賞。
19,,痛みは、点滴より鎮痛薬を、静脈投与することで、鎮痛を行う。
20,,南西部ウォーレンは、ベイアーマンファームズと、フィッツジェラルドの地区で、構成される。
21,,このため、プラズマ中のイオンや、電子の持つ、平均運動エネルギーを、温度で表現することがある。
22,,その飄々とした人柄が、老若男女に慕されている。
23,,現在、ニュージャージー州、ムーアズタウンに住んでいる。
24,,町域にあった、三根山藩は、長岡藩に、米百俵を送ったことで有名。
25,,このとき、ペリメーデーは、アムピクトリュオーンに同行して、テーバイに来ていた、リキュムニオスに、妻として与えられた。
26,,現在の滑走を目的とした、スキーブーツは、硬いプラスチックシェルと、柔らかいインナーブーツからなる。
27,,防氷ブーツは、表面に張られた、ゴム製の薄い膜でできている。
28,,後者の代表が、ウェッジウッドの、ジャスパーウェアである。
29,,キー局が発信する、ニュースネットワーク名を冠したタイトルの、ニュース番組の中では、レギュラー放送が、最も多い。
30,,芸能プロダクション、アミューズのグループ企業。
31,,長母音を省略して、エリュシオンとも表記される。
32,,森永のおいしい牛乳は、濃い青色に、牛乳瓶をあしらったデザインの、パック牛乳である。
33,,番組冒頭を、東京ムービー製作のアニメーションで、表現する点も、共通していた。
34,,コミューンは、セーヌ川と、エソンヌ川の、合流地点となっている。
35,,同時に、福井ミラクルエレファンツに、コーチ兼任で、入団することが発表された。
36,,夫である小室が、救急車を呼び、都内病院に、緊急搬送される。
37,,ギレスピーは、マッギーを通じて、イネスと知り合った。
38,,フォンテーヌブロー様式では、寓意的な絵が、漆喰のモールドに使われている。
39,,祭神は、ヴィシュヌ派の聖人、スワーミーナーラーヤン。
40,,ハーデースが、ペルセポネーに恋をしたのは、アプロディーテーの、策略であるとされている。
41,,クウェーンバーンチャーンは、小さなコミュニティーで、農業や、商業を中心に、成り立っていたと、考えられている。
42,,ヴェーザー自転車道や、ミューレンルートに従った、サイクリングツアーは、ペータースハーゲンを、経由する。
43,,フォーミュラカーは、通常、オープンホイールで、シングルシーターである。
44,,同日朝に、大阪難波で、出発セレモニーが開催され、営業運転に、充当された。
45,,そして、インデペンデント紙の、読者投票で選ぶ、プレミアリーグ最優秀ゴールキーパーに選ばれた。
46,,プレイヤーキャラクターは、宮殿を占拠した、邪悪なクリーチャーに遭遇する。
47,,フィールドマーケティングは、歴史的には、一方通行のコミュニケーションツールとして、考えられてきた。
48,,デビュー後の数年間は、ベビーフェイスとして、本名で活動。
49,,学校や病院などの、給食業務で、栄養素を計算する上で、重要な資料のひとつである。
50,,当時、あやしいワールドに常駐していた擬古猫が、空白にて発表。
51,,ウォリアーズミックスマーシャルアーツアカデミー所属。
52,,ところが、エリュシクトーンは、ニュムペーの制止も聞かずに、デーメーテールの樫を、切り倒した。
53,,このジェシー役でステイモスは、エミー賞にノミネートされたこともある。
54,,スウェーデン移民の両親の許に、マサチューセッツ州、ケンブリッジにて生まれる。
55,,球宴のファン投票でも、人気が偶像化していた、長嶋茂雄に肉薄する。
56,,母は、ピーターマリッツバーグの精神病院に入院しているときに、ベッシーを産む。
57,,ポイントガードから、スモールフォワードまでこなせる、総合力が高いユーティリティープレーヤーである。
58,,グレッグは、ミシシッピ州、アバディーンにある、オッドフェローズ墓地に埋葬されることになった。
59,,大当たり終了後は、グラディエーターチャンスに突入する。
60,,この菌による病気は、灰色かび病と名づけられているものが多い。
61,,レギュラーメンバーの顔写真をクリックした後に、ムービープレイヤー風に再生されるという、特異な形式となっている。
62,,肝臓への酸素供給は、肝動脈と、低圧系の門脈を介して、行われている。
63,,デッドキーは、タイプライターや、コンピュータのキーボードにおける、特殊な装飾キーである。
64,,シャンシャン馬は、鵜戸神宮へ参拝する、新婚夫婦が乗っていた馬のこと。
65,,ブルーリッジ山脈の源流から、リッチモンドまで、多くの早瀬や淵が、釣りや急流くだりを楽しませてくれる。
66,,ボーハンは、イーストマンら、ギャングのスピークイージーの上がりから、賄賂を取っていたとも噂された。
67,,ペンシルベニア州、フィラデルフィアの郊外、ウィンレッドのレンキナウ病院で生まれた。
68,,ブラッグは、ビューエル軍よりも、劣勢だったために、この機会を生かすことを躊躇した。
69,,上院議員として、バーンウェルは、カリフォルニア州の、連邦加入に賛成した。
70,,レジェンドシリーズをベースに、ヨーフリー機構を備えた、ビューカメラ。
71,,楽曲のセンターポジションは、エーケービーフォーティーエイトの、高橋みなみが務めた。
72,,ディオニューソスの、寵愛を受ける、オイネウス王と、妃、アルタイアーの間に、カリュドーンの王女として、生を受けた。
73,,大西洋上の、巡航高度から、動力なしで、地上へ滑空飛行し、緊急着陸に成功した。
74,,表現行列の指標表を、分子の対称性を表す、点群の指標表を用いて、既約表現へ分解する。
75,,大洋漁業オーナーの、中部謙吉の命を受けて、プロ野球球団の、大洋ホエールズに関わる。
76,,かすかに聞こえてくる1931年版の讃美歌が、次第に大きくなっていく。
77,,モーイーデーン岩壁地域の上部は、プラーサートプラウィハーン寺院遺跡へ繋がる、タイ側参道に続いている。
78,,カーミラ星と呼ばれている惑星から、宇宙船に乗って、地球に侵入した宇宙人。
79,,ドッガーバンクは、タラやニシンの漁獲量が多い、重要な、漁場である。
80,,少年時代は、ロシア帝国、チェルニーヒウ県、プルィルークィ郡、トロスチャヌィーツァ村で過ごした。
81,,遺灰のほとんどは、スウェーデン西海岸の、ブーヒュースレーン地方の小島にある漁村、フヤルバッカ周辺の海に、散骨された。
82,,国境を越えて、列車は、改良された在来線に沿って、アーヘン中央駅に向かう。
83,,福岡ダイエーホークスではなく、長距離砲の補強を目指していた、大阪近鉄バファローズから、オファーを受けて入団。
84,,そこには、百ドル札と、アメリカに来いという、短いメッセージだけだった。
85,,現在は、バッハをモチーフとした、ハープシコードの作曲家として、記憶されている。
86,,戦闘服は、両腕を露出し、両脚が、アンダースーツで覆われている。
87,,同母姉に、スウェーデン王妃、ジョゼフィーヌがいる。
88,,紫外線は、表面エネルギーの、小さいポリマーを接着する際の、前処理に利用される。
89,,ジャガーとは対照的に、ボディービルダーを髣髴とさせる、マッチョな体育会系の外見が特徴。
90,,ペンシルベニア州、ピッツバーグの、アレゲーニー高校を卒業し、カリフォルニア大学、バークレー校に入学。
91,,この概念の導入によって、様々なバリエーションの、流体のコンピューターシミュレーションが、高い精度で可能となった。
92,,乾ドックに入渠して、オーバーホールすべきかどうか、パフォーマンスがチェックされた。
93,,デビューウェイトは、スーパーバンタム級ではなく、フェザー級だった。
94,,アーリーは、降雨の中を、南のバージニア州、ウィンチェスター近くの、フィッシャーズヒルまで、軍を退いた。
95,,今日の天気は晴れのち曇りで、午後から雨が降るでしょう。
96,,東京駅から新幹線に乗って、大阪まで約二時間半で到着します。
97,,日本の四季は、春夏秋冬それぞれに美しい景色を見せてくれます。
98,,図書館では、静かに本を読むことがマナーとされています。
99,,近年、人工知能の研究が急速に進んでおり、様々な分野で応用されています。
100,,富士山は、日本で最も高い山であり、世界文化遺産にも登録されている。
101,,桜の花が満開になると、多くの人々が花見を楽しみます。
102,,この問題を解決するためには、複数の視点からの検討が必要です。
103,,電車の中では、携帯電話の通話を控えるようお願いいたします。
104,,科学技術の発展により、私たちの生活は大きく変化しました。
105,,来週の月曜日に、新しいプロジェクトの会議が予定されています。
106,,環境問題に取り組むことは、現代社会の重要な課題のひとつです。
107,,この料理は、新鮮な野菜をたっぷり使った、健康的なメニューです。
108,,美術館に展示されている作品は、どれも見応えがあります。
109,,交通事故を防ぐために、安全運転を心がけましょう。
110,,古都京都には、数多くの歴史的な寺院や神社があります。
111,,外国語を習得するには、継続的な練習が欠かせません。
112,,この地域は、豊かな自然に恵まれた、美しい観光地です。
113,,会議の資料は、事前にメールで配布されますので、ご確認ください。
114,,日本語の敬語は、相手との関係性によって使い分ける必要があります。
115,,北海道は、広大な大地と豊かな自然が魅力の観光地です。
116,,災害に備えて、非常用の食料や水を準備しておくことが大切です。
117,,子どもたちは、公園で元気に遊んでいます。
118,,最新の研究によると、適度な運動は健康維持に効果的です。
119,,この映画は、実話に基づいた感動的な物語です。
120,,地球温暖化の影響で、異常気象が増加していると言われています。
121,,大学では、専門的な知識と技術を学ぶことができます。
122,,夏祭りでは、花火大会や盆踊りが行われます。
123,,食品の安全性を確保するため、厳格な品質管理が行われています。
124,,新しい駅ビルには、レストランやショップが多数入居しています。
125,,音楽は、人々の心を豊かにし、生活に彩りを添えてくれます。
126,,地方自治体は、住民の暮らしを支えるために様々な施策を行っています。
127,,読書は、知識を広げるだけでなく、想像力を養うことにもつながります。
128,,台風の接近に伴い、明日の午後から強風が予想されています。
129,,この技術は、医療分野での応用が期待されています。
130,,伝統工芸品は、職人の高い技術によって一つ一つ丁寧に作られています。
131,,インターネットの普及により、情報の入手が容易になりました。
132,,春になると、各地で桜が咲き始め、人々の目を楽しませてくれます。
133,,通勤ラッシュの時間帯は、電車が非常に混雑します。
134,,健康的な食事と適度な運動は、長寿の秘訣と言われています。
135,,この製品は、環境に配慮した素材を使用して製造されています。
136,,博物館では、貴重な歴史資料を見ることができます。
137,,高齢化社会において、介護サービスの充実が求められています。
138,,沖縄の海は、透明度が高く、美しいサンゴ礁が広がっています。
139,,プログラミングの基礎を学ぶことは、論理的思考力の向上に役立ちます。
140,,新幹線は、日本の主要都市を高速で結ぶ交通手段です。
141,,この小説は、若者を中心に幅広い世代から支持されています。
142,,防災訓練は、定期的に実施することが重要です。
143,,奈良公園では、鹿と触れ合うことができる人気の観光スポットです。
144,,再生可能エネルギーの活用は、持続可能な社会の実現に不可欠です。
145,,山の中腹にある展望台からは、素晴らしい景色を一望できます。
146,,この研究は、新しい治療法の開発に大きく貢献しています。
147,,日本料理は、季節の食材を活かした繊細な味わいが特徴です。
148,,市民ボランティアの活動が、地域社会を支えています。
149,,深夜に降り始めた雪は、朝までに十センチほど積もりました。
150,,経済のグローバル化に伴い、国際的な人材の育成が重要になっています。
151,,この庭園は、四季折々の花が楽しめる、市民の憩いの場です。
152,,最新のスマートフォンには、高性能なカメラが搭載されています。
153,,登山をする際には、十分な準備と安全対策が必要です。
154,,伝統的な茶道は、日本文化を代表する芸術のひとつです。
155,,この橋は、明治時代に建設された、歴史的な建造物です。
156,,宇宙開発の分野では、国際的な協力体制が築かれています。
157,,秋の紅葉シーズンには、全国各地の名所が多くの観光客で賑わいます。
158,,食品ロスの削減は、環境保全と資源の有効活用のために重要です。
159,,この楽曲は、作曲家の初期の代表作として知られています。
160,,日本の漁業は、近海漁業と遠洋漁業に大きく分けられます。
161,,都市部の緑地は、ヒートアイランド現象の緩和に役立っています。
162,,この施設では、子どもから大人まで楽しめる体験教室が開催されています。
163,,古代の遺跡からは、当時の生活を知る手がかりが数多く見つかっています。
164,,水道水の品質管理には、様々な検査が行われています。
165,,この地方特有の方言は、若い世代には理解しにくいことがあります。
166,,医学の進歩により、多くの病気が治療可能になってきました。
167,,公共交通機関の利用は、環境負荷の軽減につながります。
168,,この祭りは、五百年以上の歴史を持つ伝統行事です。
169,,デジタル技術の進化は、教育の在り方を大きく変えつつあります。
170,,北陸地方は、冬になると大量の雪が降ることで知られています。
171,,この報告書には、今年度の活動成果が詳しくまとめられています。
172,,温泉旅館では、地元の食材を使った料理を楽しむことができます。
173,,人口減少と高齢化は、日本が直面する大きな社会問題です。
174,,彼の演奏は、聴衆を魅了する素晴らしいものでした。
175,,この法律は、消費者の権利を保護するために制定されました。
176,,瀬戸内海の島々は、独特の文化と美しい景観を持っています。
177,,スポーツは、体力の向上だけでなく、精神的な健康にも良い影響を与えます。
178,,この美術展では、国内外の著名な画家の作品が一堂に会しています。
179,,農業技術の革新により、食料の安定供給が可能になっています。
180,,日本のアニメーション産業は、世界的に高い評価を受けています。
181,,この条約は、加盟国間の貿易を促進することを目的としています。
182,,火山の噴火による被害を最小限に抑えるため、監視体制が強化されています。
183,,地域の特産品を活かした新商品の開発が進められています。
184,,この実験の結果は、従来の理論を覆す可能性を示唆しています。
185,,海外からの観光客が増加し、多言語対応の必要性が高まっています。
186,,リサイクル活動への参加は、資源の有効利用に貢献します。
187,,この物語の主人公は、困難を乗り越えて成長していく少年です。
188,,日本の伝統芸能である歌舞伎は、四百年以上の歴史があります。
189,,森林は、二酸化炭素を吸収し、酸素を供給する重要な役割を担っています。
190,,新しい法案について、国会で活発な議論が行われています。
191,,この港は、古くから国際貿易の拠点として栄えてきました。
192,,子どもの読書習慣を育てるために、学校図書館の充実が図られています。
193,,地震の被害を軽減するために、建物の耐震化が進められています。
194,,彼女の論文は、学会で高い評価を受け、最優秀賞に選ばれました。
195,,伝統的な和菓子は、見た目の美しさも大切にされています。
196,,河川の水質改善のために、排水処理施設の整備が行われています。
197,,この商店街は、地元の人々に親しまれている買い物の場です。
198,,宇宙飛行士になるためには、厳しい訓練を受ける必要があります。
199,,国立公園では、貴重な動植物の保護活動が行われています。
200,,最近の調査によると、若者の政治への関心が低下しているそうです。
201,,この工場では、最先端の技術を用いて製品が製造されています。
202,,日本庭園は、自然の景色を凝縮して表現する芸術です。
203,,市町村合併により、行政の効率化が図られています。
204,,この試合は、両チームの実力が拮抗した、見応えのある内容でした。
205,,有機農業の普及は、食の安全と環境保全に寄与しています。
206,,この建物は、著名な建築家によって設計された、近代建築の傑作です。
207,,少子化対策として、子育て支援の充実が求められています。
208,,深海には、まだ未知の生物が数多く存在していると考えられています。
209,,この歌は、世代を超えて多くの人々に愛されている名曲です。
210,,交通渋滞の緩和のために、新しい道路の建設が計画されています。
211,,日本の伝統的な木造建築は、優れた耐震性を持っています。
212,,研究者たちは、新しい素材の開発に取り組んでいます。
213,,この地域の農産物は、品質の高さで全国的に知られています。
214,,福祉サービスの向上は、すべての人が安心して暮らせる社会の実現に必要です。
215,,太陽光発電は、クリーンなエネルギー源として注目されています。
216,,この辞典は、専門用語をわかりやすく解説した、学習者向けの資料です。
217,,生態系の保全は、生物多様性を維持するために重要な取り組みです。
218,,都市計画において、緑地の確保は住環境の質を高める上で欠かせません。
219,,この遺跡は、約三千年前の集落の跡と推定されています。
220,,言語学の研究は、人間のコミュニケーションの本質を探求するものです。
221,,水族館では、様々な海洋生物を間近に観察することができます。
222,,この政策は、地域経済の活性化を目的として導入されました。
223,,冬の北海道では、スキーやスノーボードなどのウィンタースポーツが楽しめます。
224,,高速道路の整備により、地方都市間のアクセスが大幅に改善されました。
225,,伝統工芸の後継者不足は、文化の継承において深刻な問題です。
226,,この映画祭には、世界各国から優秀な作品が出品されています。
227,,地熱発電は、火山国である日本に適したエネルギー源です。
228,,市民講座では、健康管理に関する最新の知識を学ぶことができます。
229,,この川は、昔から地域の人々の生活を支えてきた重要な水源です。
230,,国際協力の推進は、世界平和の実現に欠かせない取り組みです。
231,,鎌倉は、歴史的な建造物と自然が調和した美しい町です。
232,,遺伝子研究の進歩は、医療の発展に大きく寄与しています。
233,,この博物館には、世界中から集められた貴重なコレクションが展示されています。
234,,地域住民の意見を反映した、まちづくりが進められています。
235,,日本の鉄道は、時刻通りの運行と安全性で世界的に評価されています。
236,,海洋汚染の防止は、水産資源の保全のために不可欠です。
237,,この論文は、新しい分析手法を提案し、その有効性を実証しています。
238,,伝統的な染色技術は、長い歴史の中で培われた貴重な文化遺産です。
239,,都市部の交通問題を解決するために、公共交通機関の整備が求められています。
240,,この植物園には、希少な植物が数多く保存されています。
241,,若者の雇用問題は、社会全体で取り組むべき重要な課題です。
242,,茶道の精神は、おもてなしの心を大切にする日本文化の象徴です。
243,,この海域では、イルカやクジラの観察ツアーが人気を集めています。
244,,環境に優しい交通手段として、自転車の利用促進が図られています。
245,,古文書の解読は、歴史研究において重要な役割を果たしています。
246,,この手法は、計算効率を大幅に改善する画期的なアルゴリズムです。
247,,竹林の中を歩くと、清々しい空気と静けさに包まれます。
248,,輸出入の手続きを簡素化するための制度改革が行われています。
249,,この合唱曲は、美しいハーモニーが特徴の、感動的な作品です。
250,,津波の被害を防ぐために、沿岸部の防潮堤が整備されています。
251,,日本語の文法は、語順や助詞の使い方が英語とは大きく異なります。
252,,こちらの温泉は、美肌効果があることで知られています。
253,,再生医療の研究は、将来の医学に革命をもたらす可能性があります。
254,,写真展では、自然の美しさを捉えた素晴らしい作品が並んでいます。
255,,防犯カメラの設置により、犯罪の抑止効果が期待されています。
256,,この地域の伝統料理は、素朴な味わいが人気を集めています。
257,,宇宙探査の成果は、私たちの宇宙に対する理解を深めています。
258,,市場調査の結果に基づき、新商品の開発方針が決定されました。
259,,植林活動は、森林の再生と環境保全のために重要です。
260,,この劇場では、年間を通じて様々な公演が行われています。
261,,風力発電の導入は、地方の活性化にも貢献しています。
262,,日本の城郭建築は、美しさと機能性を兼ね備えた建造物です。
263,,医療技術の進歩により、早期発見と早期治療が可能になっています。
264,,この渓谷は、紅葉の名所として多くの観光客が訪れます。
265,,絶滅危惧種の保護は、生態系を守るために不可欠な取り組みです。
266,,この研究施設では、最先端の実験設備が整っています。
267,,日本のお祭りには、地域ごとに独特の伝統と文化があります。
268,,持続可能な開発目標の達成に向けて、国際社会が協力しています。
269,,星空観察は、宇宙の壮大さを感じることができる魅力的な活動です。
270,,この報告によると、今年の農作物の収穫量は昨年を上回る見込みです。
271,,伝統的な祭り囃子は、地域の文化を伝える大切な音楽です。
272,,海底火山の調査は、地球の成り立ちを解明する手がかりになります。
273,,この公園は、市民の健康増進と憩いの場として整備されました。
274,,量子コンピュータの開発は、情報処理の革新をもたらすと期待されています。
275,,日本の街並みは、伝統的な建物と現代的な建築が共存しています。
276,,教育改革の推進は、次世代を担う人材の育成に不可欠です。
277,,この湖は、水質の美しさと周囲の自然景観で知られています。
278,,自動運転技術の実用化に向けた研究開発が進んでいます。
279,,伝統的な和紙の製造技術は、無形文化遺産として認定されています。
280,,この美術館では、現代アートの展示会が定期的に開催されています。
281,,感染症の予防には、手洗いとうがいが基本的な対策です。
282,,ロボット技術の進歩は、製造業の効率化に大きく貢献しています。
283,,この地方の温泉地は、古くから湯治場として親しまれてきました。
284,,異文化理解を深めることは、国際社会で活躍するために重要です。
285,,この調査は、国民の生活意識の変化を把握するために実施されました。
286,,日本の漆器は、その美しさと耐久性で世界的に評価されています。
287,,都市緑化の推進は、住民の生活の質の向上に寄与しています。
288,,気象観測の精度向上により、天気予報の的中率が高まっています。
289,,この寺院は、千年以上の歴史を持つ国宝に指定された建造物です。
290,,バリアフリー社会の実現に向けて、施設の改修が進められています。
291,,この果物は、甘みと酸味のバランスが絶妙な、産地限定の逸品です。
292,,海外留学は、語学力の向上と国際的な視野を広げる貴重な経験です。
293,,考古学的な発掘調査により、古代文明の実態が明らかになっています。
294,,このシステムは、利用者の利便性を考慮して設計されました。
295,,里山の保全活動は、地域の生態系を守るために行われています。
296,,放送技術の発展は、情報伝達の速度と正確性を飛躍的に高めました。
297,,この公演は、前売り券が即日完売するほどの人気ぶりでした。
298,,日本の和食文化は、ユネスコの無形文化遺産に登録されています。
299,,新エネルギー技術の開発は、エネルギー問題の解決に向けた重要な取り組みです。
300,,この展望台からは、天気の良い日には遠くの山々まで見渡すことができます。
301,,雪解け水が流れ込む渓流では、美しい清流を楽しむことができます。
302,,工芸品の魅力を発信するために、各地で展示会が開催されています。
303,,この病院では、最新の医療機器を導入した先進的な治療が行われています。
304,,文化財の修復作業には、高度な専門知識と技術が要求されます。
305,,マイクロプラスチックによる海洋汚染は、世界的な環境問題です。
306,,年金制度の改革は、将来の社会保障を維持するために不可欠です。
307,,この山岳地帯には、固有種を含む多様な動植物が生息しています。
308,,祇園祭は、京都を代表する夏の風物詩として知られています。
309,,建築基準法の改正により、建物の安全基準が強化されました。
310,,この戯曲は、人間の本質を鋭く描いた、文学史に残る傑作です。
311,,離島の医療体制の充実は、地域住民の健康を守るために重要です。
312,,天体望遠鏡の性能向上により、遠方の銀河の観測が可能になりました。
313,,伝統芸能の公演は、国内外の観客から高い評価を得ています。
314,,海藻の養殖技術の向上は、水産業の発展に貢献しています。
315,,この石庭は、枯山水の技法を用いた、禅の思想を表現した庭園です。
316,,次世代通信技術の導入は、社会のデジタル化を加速させています。
317,,朝市には、新鮮な野菜や果物を求めて多くの人が集まります。
318,,この峠道は、かつて旅人たちが行き交った歴史的な街道です。
319,,漆芸の技法には、蒔絵や螺鈿など多彩な装飾技術があります。
320,,夕暮れ時の港は、漁船が戻り、活気に満ちた光景が広がります。
321,,この遊歩道は、四季の花々が楽しめる散策コースとして人気です。
322,,和太鼓の力強い響きは、祭りの雰囲気を一層盛り上げます。
323,,地域の伝統を次世代に継承することは、文化の多様性を守ることです。
324,,この湿原には、希少な野鳥が数多く生息しています。
325,,焼き物の窯元を巡る旅は、陶芸の魅力を再発見する機会です。
326,,潮の満ち引きは、月の引力によって生じる自然現象です。
327,,街角のパン屋さんから、焼きたてのパンの香りが漂ってくる。
328,,夜空に輝く星座は、古代から人々の想像力を刺激してきました。
329,,滝の水しぶきが虹を作り出す光景は、息を呑む美しさです。
330,,三味線の音色は、日本の伝統音楽に欠かせない要素です。
331,,石段を登った先には、眺めの良い展望スポットがあります。
332,,早朝の霧に包まれた湖面は、幻想的な雰囲気を醸し出します。
333,,手漉き和紙の製造工程には、熟練した技術が必要とされます。
334,,川沿いの遊歩道では、四季折々の自然を楽しむことができます。
335,,この灯台は、百年以上にわたり航海の安全を守ってきました。
336,,竹細工の職人は、一本一本の竹を丁寧に編み上げていきます。
337,,山間部の棚田は、日本の原風景として多くの人を魅了しています。
338,,藍染めの布は、独特の深い青色が特徴的な伝統工芸品です。
339,,干潟の生態系は、多様な生物の生息地として重要な役割を果たしています。
340,,石垣の積み方には、地域ごとに異なる伝統的な技法があります。
341,,朝露に濡れた花びらが、朝日に照らされて輝いています。
342,,この古民家は、築二百年を超える貴重な文化財です。
343,,茅葺き屋根の民家は、日本の農村風景の象徴とも言えます。
344,,渓流釣りは、自然の中でリラックスできる人気の趣味です。
345,,能楽堂では、幽玄の美を追求した伝統芸能が上演されます。
346,,陶磁器の絵付けには、繊細な筆さばきが求められます。
347,,海岸線に沿った松林は、防風林としての役割も果たしています。
348,,このトンネルは、明治時代に手掘りで造られた歴史的遺構です。
349,,梅雨の時期には、紫陽花が各地で美しく咲き誇ります。
350,,木版画の技法は、江戸時代に大きく発展しました。
351,,対岸の灯りが水面に映り、幻想的な夜景を作り出しています。
352,,この庭の池には、錦鯉が優雅に泳いでいます。
353,,朝顔市は、夏の風物詩として古くから親しまれています。
354,,ガラス工芸の体験教室では、吹きガラスを楽しむことができます。
355,,海女の漁法は、素潜りで海産物を採る伝統的な技術です。
356,,風鈴の涼やかな音色は、日本の夏を象徴する音のひとつです。
357,,書道は、文字を美しく書く芸術として国内外で人気があります。
358,,この渡し船は、対岸の集落を結ぶ貴重な交通手段です。
359,,提灯の灯りが並ぶ参道は、夜になると幻想的な雰囲気に包まれます。
360,,筍の収穫は、春の訪れを告げる季節の行事です。
361,,味噌蔵の中には、長い年月をかけて熟成された味噌が眠っています。
362,,浮世絵は、日本の伝統的な木版画芸術として世界的に有名です。
363,,清流で育まれた鮎は、その風味の良さで知られています。
364,,囲炉裏を囲む団らんは、日本の暮らしの原点とも言えます。
365,,千枚田の美しい棚田景観は、観光客を魅了し続けています。
366,,彫金の技術は、金属に美しい模様を刻む伝統工芸です。
367,,朝霧に包まれた山村は、まるで水墨画のような風景です。
368,,お月見の風習は、秋の夜長を楽しむ日本の伝統行事です。
369,,機織りの音が響く工房は、伝統の技を今に伝えています。
370,,この石畳の小径は、昔ながらの風情を残した散策路です。
371,,水車小屋は、かつての農村の暮らしを偲ばせる建造物です。
372,,地元で採れた山菜は、春の味覚として食卓を彩ります。
373,,七夕の短冊に願い事を書くのは、夏の楽しい行事です。
374,,漆塗りの器は、使い込むほどに艶が増す美しい工芸品です。
375,,この城下町には、当時の面影を残す武家屋敷が並んでいます。
376,,干し柿作りは、晩秋から冬にかけての農家の伝統的な仕事です。
377,,ぶどう畑が広がる丘陵地帯は、ワインの産地として有名です。
378,,この吊り橋は、谷底から五十メートルの高さにかかっています。
379,,下駄の音が石畳に響く路地裏は、趣のある散歩道です。
380,,手拭いの染め方には、注染という独特の技法が用いられます。
381,,養蚕の歴史は、日本の近代産業の発展に深く関わっています。
382,,この峡谷は、エメラルドグリーンの水面が美しい景勝地です。
383,,盆栽の手入れには、長年の経験と繊細な感覚が必要です。
384,,紙漉きの技術を学べる体験工房が、各地に設けられています。
385,,新茶の季節になると、茶畑は鮮やかな緑に覆われます。
386,,この砂丘は、風によって刻々と形を変える自然の造形物です。
387,,団扇は、夏の暑さをしのぐ日本の伝統的な道具です。
388,,月見草が咲く野原は、夕暮れ時に美しい光景を見せてくれます。
389,,この酒蔵では、伝統的な手法で日本酒が醸造されています。
390,,障子越しの柔らかな光は、和室ならではの趣を生み出します。
391,,笹舟を流す遊びは、子供たちに人気のある夏の遊びです。
392,,この漁村では、朝早くから漁師たちが出漁の準備をしています。
393,,藤棚の下は、花の甘い香りに包まれた憩いの空間です。
394,,手作りの豆腐は、大豆の風味が豊かで滑らかな食感です。
395,,この古道を歩けば、往時の旅人の気分を味わうことができます。
396,,蛍が飛び交う清流は、初夏の夜の幻想的な風物詩です。
397,,竹馬や独楽回しは、昔ながらの子供の遊びとして知られています。
398,,杉並木の参道は、荘厳な雰囲気を醸し出しています。
399,,この田園風景は、日本の美しい里山の原風景です。
400,,金箔の製造技術は、何世紀にもわたって受け継がれてきました。
401,,番傘をさして歩く姿は、日本情緒あふれる光景です。
402,,温泉の湯けむりが立ち上る光景は、温泉街の風情そのものです。
403,,凧揚げは、新年を祝う日本の伝統的な遊びのひとつです。
404,,この渓谷の紅葉は、毎年十一月上旬に見頃を迎えます。
405,,わら草履は、昔の日本人の日常的な履物でした。
406,,朝の連続テレビ小説は、多くの視聴者に親しまれています。
407,,この港町では、新鮮な魚介類を使った料理が堪能できます。
408,,切り絵の技法は、一枚の紙から精緻な作品を生み出します。
409,,満潮時には、海水が鳥居のすぐ下まで押し寄せてきます。
410,,落語の寄席は、江戸時代から続く日本の伝統的な娯楽です。
411,,屋台のラーメンの湯気が、夜の街角に漂っています。
412,,草木染めの布は、自然の色合いが美しい手工芸品です。
413,,この水路は、江戸時代に物資の輸送のために整備されました。
414,,納豆は、独特の香りと粘りが特徴の日本の発酵食品です。
415,,琴の音色は、優雅で繊細な日本の伝統音楽を代表しています。
416,,合掌造りの集落は、世界遺産として保護されています。
417,,この坂道を登ると、街を一望できる絶景ポイントに着きます。
418,,柿の実が色づく頃は、秋の深まりを感じる季節です。
419,,仏像の彫刻には、宗教的な意味と芸術的な価値が込められています。
420,,この通りは、昔から商人たちで賑わう活気ある商店街です。
421,,折り紙は、一枚の紙を折って様々な形を作る日本の伝統遊びです。
422,,田植え体験は、農業の大切さを学ぶ貴重な機会です。
423,,この鍾乳洞は、数万年をかけて形成された自然の芸術品です。
424,,蕎麦打ち体験では、本格的な手打ち蕎麦を作ることができます。
425,,飴細工の職人技は、見る人を感嘆させる華麗な技術です。
426,,絣の着物は、独特の模様が美しい伝統的な織物です。
427,,この海岸では、夕日が海に沈む壮大な光景を見ることができます。
428,,扇子は、暑い夏を涼しく過ごすための優雅な道具です。
429,,みかん畑が広がる南向きの斜面は、温暖な気候に恵まれています。
430,,この駅舎は、大正時代の洋風建築の面影を今に伝えています。
431,,つるし雛は、子供の健やかな成長を願って飾られます。
432,,椎茸の栽培は、原木と菌床の二つの方法で行われています。
433,,この旧街道沿いには、歴史的な宿場町の面影が残っています。
434,,精進料理は、肉や魚を使わない仏教の食文化です。
435,,竹炭は、消臭や除湿に効果がある自然素材として人気です。
436,,この棚田は、先人たちの努力によって築かれた農業遺産です。
437,,張り子の虎は、子供の成長を祈る縁起物として知られています。
438,,土蔵の白壁が並ぶ町並みは、城下町の風情を感じさせます。
439,,べっこう飴は、砂糖を溶かして作る素朴な駄菓子です。
440,,門前町の通りには、お土産屋や茶屋が軒を連ねています。
441,,秋の七草は、万葉集にも詠まれた日本の季節の草花です。
442,,この水田は、用水路の整備によって安定した稲作が行われています。
443,,雅楽は、宮廷で演奏された日本最古の音楽のひとつです。
444,,藁で編んだ注連縄は、神聖な場所を示す目印です。
445,,この温泉郷は、湯治の文化を今に伝える歴史ある保養地です。
446,,紅花染めの着物は、鮮やかな赤色が特徴の染織品です。
447,,山里の春は、梅の花が咲くことから始まります。
448,,石州和紙は、島根県の特産品として知られる手漉き和紙です。
449,,この海峡は、潮流が速いことで知られる航行の難所です。
450,,投扇興は、扇子を投げて的に当てる雅な遊びです。
451,,蜂蜜の採取は、養蜂家の長年の経験に基づいて行われます。
452,,信楽焼のたぬきは、商売繁盛の縁起物として親しまれています。
453,,この並木道は、銀杏の葉が黄金色に染まる秋が最も美しい。
454,,組子細工は、釘を使わずに木片を組み合わせる伝統技法です。
455,,鷹狩りは、古来より武士の間で親しまれてきた伝統文化です。
456,,この花畑は、色とりどりの花が咲き乱れる春の名所です。
457,,あなたのことを、ずっと見ていたんです。気づいてくれましたか？
458,,そんなこと言われても、わたしにはどうしようもないよ。
459,,この街を守るのは、わたしたちの使命だから。
460,,もう二度と、あんな思いはさせない。約束するよ。
461,,ねえ、あの星が見える？あれが私たちの故郷なんだよ。
462,,こんなことになるなんて、誰も予想していなかったわ。
463,,いつか必ず、この手で平和を取り戻してみせる。
464,,バカね、あなたを一人にするわけないじゃない。
465,,この剣に誓って、仲間を守り抜いてみせる。
466,,まだ終わりじゃない。ここからが本当の戦いだ。
467,,お兄ちゃん、今日は一緒に帰ろうよ。
468,,信じてるよ。あなたなら、きっとできるから。
469,,悪いが、これ以上は譲れないな。覚悟してもらおうか。
470,,夢を追いかけることを、諦めたくないの。
471,,こういう時こそ、笑顔でいなきゃダメだよ。
472,,すみません、私の不注意でご迷惑をおかけしました。
473,,強くなりたい。大切な人を守れるくらい、強くなりたい。
474,,ここは任せて。先に行ってくれ。
475,,転校生のあなたに、この学校のことを教えてあげるね。
476,,あの日の約束を、まだ覚えていますか？
477,,どうして泣いているの？何かあったなら話してごらん。
478,,このままじゃいけない。何か手を打たなきゃ。
479,,やっと会えたね。ずっと探してたんだよ。
480,,先輩、今度の大会、一緒に頑張りましょう。
481,,真実を知ったとき、世界が変わって見えたんだ。
482,,ありがとう。あなたがいてくれて、本当によかった。
483,,ふん、この程度の攻撃で私を倒せると思うな。
484,,明日のテスト、全然勉強してないよ。どうしよう。
485,,わたしはわたしのやり方で、この問題を解決するわ。
486,,おはよう。今日もいい天気だね。頑張ろうか。
487,,この力を使えば、すべてを変えることができる。
488,,待って。ひとつだけ聞かせてほしいことがあるの。
489,,僕たちの冒険は、まだ始まったばかりだ。
490,,ごめんね、少し遅れちゃった。待たせたかな？
491,,あの時、逃げ出さなかった自分を、褒めてあげたい。
492,,大丈夫、怖くないよ。わたしがそばにいるから。
493,,この料理、わたしが作ったんだよ。食べてみて。
494,,世界中の誰よりも、あなたのことを理解しているつもりよ。
495,,まさか、こんな場所で再会するなんて思わなかった。
496,,負けたくない。この勝負だけは、絶対に負けたくないんだ。
497,,ねえ、放課後に屋上で待ってるから、来てくれる？
498,,彼らの犠牲を無駄にしないために、前に進まなきゃ。
499,,素直になれない自分が、少し嫌いになりそう。
500,,この世界には、まだ知らないことがたくさんあるんだね。
501,,仲間がいるから、どんな困難も乗り越えられる。
502,,お嬢様、お迎えに参りました。馬車の用意ができております。
503,,どうしてこんなに胸が苦しいの。これが恋なのかな。
504,,師匠の教えを胸に、新しい技を会得してみせる。
505,,今夜の月、とっても綺麗だね。一緒に見られて嬉しいよ。
506,,全力を出し切って、悔いのない戦いをしよう。
507,,実は、あなたに伝えたいことがあるんです。
508,,もう少しだけ、このままでいさせてくれないかな。
509,,人の気持ちを踏みにじるようなことは、許さないわよ。
510,,おかえりなさい。ご飯にする？お風呂にする？
511,,あの子の笑顔を守るためなら、何だってできる。
512,,ちょっと待ってよ。まだ話は終わってないでしょ。
513,,こんな素敵な場所があったなんて、知らなかったよ。
514,,最後の一撃、全ての力を込めて放つ。覚悟しろ。
515,,昨日の失敗を取り返すチャンスは、今日しかないんだ。
516,,えへへ、照れくさいけど、ありがとうって言いたかったの。
517,,この研究が完成すれば、世界を救うことができるはずだ。
518,,君の歌声は、傷ついた人々の心を癒す力がある。
519,,絶対にあきらめない。最後の最後まで戦い続けるよ。
520,,お姉ちゃんに任せなさい。きっとうまくいくから。
521,,なんでこうなっちゃうかな。もう、嫌になっちゃう。
522,,伝説に語られし勇者よ、我が声を聞け。
523,,これは運命なのかもしれない。逃れることはできないわ。
524,,練習の成果を見せるときが来たわ。行くわよ。
525,,たとえ世界が敵に回っても、わたしはあなたの味方だから。
526,,この花を、あなたに贈りたいと思って。受け取ってくれる？
527,,なんだと、この野郎。もう一回言ってみろ。
528,,皆さん、ここに集まってくれてありがとうございます。
529,,泣かないで。きっとまた会えるから。約束だよ。
530,,わたしの魔法で、みんなを笑顔にしてあげる。
531,,こんなに近くにいたのに、気づかなかったんだね。
532,,敵の罠だ。このまま進むのは危険すぎる。
533,,目を閉じて、心の声に耳を澄ませてごらん。
534,,うわあ、すごい景色。こんなの初めて見たよ。
535,,一人で抱え込まないで。わたしたちを頼ってよ。
536,,さあ、新しい一日の始まりだ。今日も頑張ろう。
537,,あいつのことは忘れろ。もう関わるべきじゃない。
538,,大好きなあなたに、わたしの気持ちを伝えたい。
539,,この作戦が成功するかどうかは、君にかかっている。
540,,ぜったい負けないんだから。わたしを甘く見ないでね。
541,,時間がない。急がなきゃ、間に合わなくなるよ。
542,,あなたが信じてくれるなら、わたしは何でもできる。
543,,今日の授業、面白かったね。また一緒に勉強しようよ。
544,,これが最後のチャンスだ。失敗は許されない。
545,,ふふっ、やっぱりあなたって面白い人ね。
546,,故郷を離れて三年、やっと帰ってこれたんだ。
547,,みんなの力を合わせれば、きっと奇跡は起こせる。
548,,さよなら。あなたと過ごした日々は、宝物だよ。
549,,こんなに美味しいケーキ、食べたことないよ。
550,,その瞳に映る悲しみの理由を、教えてくれないか。
551,,わたしたちの物語は、ここから始まるんだ。
552,,逃げちゃダメだ。立ち向かわなきゃいけないんだ。
553,,先生、質問があるんですけど、今いいですか？
554,,あの雲の向こうに、きっと輝く未来が待っている。
555,,うるさいなあ、少しは静かにしてくれよ。
556,,このアクセサリー、すごく可愛い。どこで買ったの？
557,,正義のために戦う。それがわたしの選んだ道だから。
558,,ねえねえ、聞いて聞いて。今日すごいことがあったの。
559,,あなたの背中を、わたしが守ってあげるから。
560,,もしかして、緊張してる？大丈夫、深呼吸して。
561,,二度と会えないかもしれない。だから今、伝えなきゃ。
562,,この町は変わったけど、わたしの気持ちは変わらないよ。
563,,よし、準備万端だ。いつでも出発できるよ。
564,,嘘でしょ。そんなことが起きるなんて信じられない。
565,,この景色を見ると、生きていてよかったって思えるの。
566,,いただきます。今日のお弁当も美味しそうだね。
567,,もう迷わない。わたしは前を向いて歩いていくよ。
568,,あなたがいない世界なんて、考えたくもないよ。
569,,これがわたしの全力だ。受け止めてみろ。
570,,困ったときはお互い様だよ。遠慮しないで。
571,,明日は絶対に勝つ。そのために今日、全力で練習する。
572,,きれいな夕焼けだね。こういう時間が好きなんだ。
573,,心配してくれてありがとう。もう大丈夫だから。
574,,この秘密は、わたしたちだけのものにしておこうね。
575,,許さない。あなたのしたことは、絶対に許さないから。
576,,おやすみなさい。明日もいい日になりますように。
577,,初めまして、隣に引っ越してきた者ですけど。
578,,思い出は消えない。たとえ離れていても、心は繋がってる。
579,,ちょっとこっちに来て。見せたいものがあるんだ。
580,,守りたいものがあるから、わたしは強くなれるんだ。
581,,え、わたしのこと好きなの？冗談でしょ。
582,,この道の先に何があるか分からないけど、一緒に行こう。
583,,なんとかしなきゃ。でも、一体どうすればいいの。
584,,約束だよ、指切りげんまん。破ったら許さないからね。
585,,ただいま。今日は疲れたなあ。
586,,あなたの優しさに、何度も救われてきたんだよ。
587,,覚悟はできている。どんな結果になっても受け入れる。
588,,一緒にいると、なんだか元気が出てくるね。
589,,頑張れ、頑張れ。あともう少しだから。
590,,この戦いが終わったら、みんなでお祝いしようね。
591,,雨が降ってきちゃった。傘、持ってないよ。
592,,あはは、そんなことで怒らないでよ。冗談だってば。
593,,人は変われるんだ。わたしがその証拠だよ。
594,,いつまでも待ってるから。必ず帰ってきてね。
595,,えっと、これはその、なんて言えばいいのかな。
596,,運命の歯車が動き出した。もう止められないわ。
597,,大切な人を失う痛みを、わたしは知っている。
598,,さすがだね。やっぱりあなたはすごいよ。
599,,今のわたしに足りないのは、勇気なのかもしれない。
600,,お願い、もう少しだけ時間をちょうだい。
601,,ひどいよ、そんなこと言うなんて。傷つくよ。
602,,この音楽を聴くと、昔のことを思い出すんだ。
603,,作戦変更だ。全員、わたしの指示に従ってくれ。
604,,不思議だね、あなたといると時間が早く過ぎるの。
605,,何があっても、この笑顔だけは忘れないでね。
606,,ちゃんと食べなきゃダメだよ。お腹空いてるでしょ？
607,,あの子、最近元気ないよね。何かあったのかな。
608,,卒業したら、この街を出て都会に行くつもりなの。
609,,お前の実力はこんなものじゃないはずだ。本気を見せろ。
610,,図書室で見つけたこの本、すごく面白いから読んでみて。
611,,あなたの作った曲、聴いたよ。すごく感動したの。
612,,いつもの公園のベンチで待ち合わせしようか。
613,,どうして嘘をつくの。本当のことを教えてよ。
614,,この学校に来てよかった。素敵な仲間に出会えたから。
615,,最後まで戦い抜いた君たちを、心から誇りに思うよ。
616,,おかしいな、地図にはこの道は載っていないんだけど。
617,,わたしの居場所は、ここにあるんだって気づいたの。
618,,敵の数が多すぎる。一旦退却するべきだ。
619,,これは、お母さんが昔よく作ってくれた味なんだ。
620,,君の描いた絵を見て、わたしも絵を描きたくなったよ。
621,,まだ見ぬ世界への扉が、今まさに開かれようとしている。
622,,恥ずかしいけど、正直に気持ちを伝えることにしたの。
623,,この呪文さえ解ければ、みんなを元に戻せるはずだ。
624,,委員長として、この問題を放置するわけにはいかないわ。
625,,なんだか懐かしい匂いがする。昔住んでいた家を思い出すよ。
626,,あなたがくれたこのお守り、ずっと大切にしてるよ。
627,,試合開始だ。今までの練習の成果を見せてやろう。
628,,わたしにしかできないことがあるなら、やるしかない。
629,,ここから先は危険区域だ。一般人は立ち入り禁止だよ。
630,,隊長、前方に未確認の飛行物体を発見しました。
631,,あなたを守るために、わたしはこの力を手に入れたの。
632,,ねえ、今度の日曜日、一緒に映画を観に行かない？
633,,この手紙には、彼女の最後の想いが綴られていた。
634,,いよいよ決勝戦だ。全員、気合を入れていこう。
635,,傷だらけでも立ち上がる。それがわたしの生き方だから。
636,,自分を信じることが、最初の一歩なんだよ。
637,,このパンケーキ、ふわふわで美味しいよ。食べてみて。
638,,海の向こうから来た少女が、わたしの運命を変えた。
639,,この扉を開けたら、もう戻れないかもしれないよ。
640,,放課後の教室は、夕日に照らされて金色に輝いていた。
641,,わたしはまだ諦めてない。可能性がある限り挑戦するよ。
642,,あなたのおかげで、わたしは変わることができたんだ。
643,,静かに。誰かがこちらに向かってきているみたいだ。
644,,一緒に帰ろう。今日は色々あって、一人になりたくないの。
645,,この手を離さないで。お願いだから、絶対に離さないで。
646,,なるほど、そういうことだったのか。やっと謎が解けたよ。
647,,みんなで力を合わせれば、どんな壁も乗り越えられるさ。
648,,夜が明ければ、すべてが変わるような気がするんだ。
649,,わたしの家族は、ちょっと変わってるけど大好きなんだ。
650,,この秘密基地は、わたしたちだけの特別な場所だよ。
651,,最強の敵を前にして、初めて本気で怖いと思った。
652,,焦らなくていいよ。ゆっくり自分のペースで進めばいい。
653,,絶対に振り向かないで。前だけを見て走り続けて。
654,,この瞬間を、一生忘れないだろうな。
655,,魔法少女になった日から、わたしの日常は一変したの。
656,,この古い時計塔に隠された謎を、一緒に解き明かそうよ。
657,,放課後の音楽室で、あの子のピアノが聞こえてくる。
658,,異世界から来た猫が、わたしの部屋に住み着いてしまった。
659,,夏休み最後の日、花火を見ながら告白しようと決めた。
660,,剣術の稽古をサボって、河原で昼寝するのが最高なんだ。
661,,転生したら最強の魔法使いだった。でも友達が一人もいない。
662,,このロボットは、感情を持つように設計されているらしい。
663,,海辺の小さなカフェで、不思議な少女に出会った。
664,,学園祭のステージで歌う夢を、ずっと見てきたんだ。
665,,千年前の約束を果たすために、わたしは蘇ったの。
666,,あの魔物を倒せるのは、伝説の剣を持つ者だけだ。
667,,目が覚めたら、見知らぬ森の中に立っていた。
668,,宇宙の彼方から届いた信号に、人類の運命がかかっている。
669,,料理コンテストで優勝して、夢の一歩を踏み出すんだ。
670,,この村には、百年に一度だけ咲く花があるらしいの。
671,,幼馴染の彼が、実は王国の王子だったなんて驚きだよ。
672,,地下迷宮の最深部で、封印された竜が目覚めようとしている。
673,,アイドルになりたくて上京してきたけど、現実は甘くなかった。
674,,時間を止める能力を手に入れた日から、すべてが変わった。
675,,図書委員のわたしが、冒険者ギルドの依頼を受けることになった。
676,,あの夏の日、君と見た向日葵の景色を忘れない。
677,,第三研究室の実験が暴走した。今すぐ避難しなければ。
678,,月明かりの下で踊る彼女は、まるで妖精のようだった。
679,,修行の旅に出てから三年、やっと師匠を超える力を得た。
680,,この手紙が届く頃には、わたしはもういないかもしれない。
681,,猫耳が生えてきたんだけど、これって普通じゃないよね。
682,,生徒会長として、この学校の伝統を守り抜いてみせます。
683,,異世界の姫君を助けるために、勇者として召喚されたんだ。
684,,桜並木の下を歩くのが、毎年春の楽しみなの。
685,,次元の裂け目から現れた怪物と、決着をつける時が来た。
686,,あの日交わした指切りの約束を、今も覚えてるよ。
687,,宝石のように輝く海を見ていると、心が洗われるみたい。
688,,バンドのメンバーを集めて、文化祭でライブをやろうよ。
689,,封印の扉を開けるには、五つの紋章が必要なんだって。
690,,隣の席の無口な彼女が、実はすごく面白い人だった。
691,,空飛ぶ箒に乗って、魔法学校に通う毎日が楽しいよ。
692,,この街の地下に、古代文明の遺跡が眠っているらしい。
693,,演劇部の主役に選ばれちゃった。台詞覚えられるかな。
694,,人間と妖怪が共存する世界で、わたしは調停役をしている。
695,,深夜のコンビニで出会った幽霊と、友達になってしまった。
696,,あの山の頂上には、願いを叶える泉があるという伝説がある。
697,,新しい変身フォームを手に入れたぞ。これなら勝てる。
698,,文化祭の出し物、メイドカフェに決まったんだって。
699,,わたしの描いた漫画が、雑誌に掲載されることになったの。
700,,敵の本拠地に単身乗り込むなんて、無謀すぎるよ。
701,,満月の夜に、狼に変身してしまう呪いをかけられた。
702,,サッカー部のエースとして、全国大会を目指すんだ。
703,,この薬草を調合すれば、どんな傷も癒せる万能薬ができる。
704,,卒業式の日、桜の木の下で、最後の言葉を交わした。
705,,ロボットコンテストで優勝するために、夜通し作業してるんだ。
706,,星の精霊に選ばれし者よ、この世界を救う使命を受けよ。
707,,わたしの双子の姉は、実は別の世界線から来た存在だった。
708,,海底の神殿に眠る宝物を求めて、冒険に出発する。
709,,好きな人の前だと、うまく話せなくなっちゃうんだよね。
710,,忍者の末裔として、影から世界を守るのがわたしの役目。
711,,この試合で負けたら、部活動は廃部になってしまうんだ。
712,,不思議な鏡の中に、もう一人のわたしが映っていた。
713,,手作りのチョコレートを渡すのに、こんなに緊張するなんて。
714,,宇宙海賊の船長として、銀河を股にかけて冒険するんだ。
715,,放課後の図書室は、わたしだけの秘密の隠れ家なの。
716,,竜騎士団の入団試験に合格するために、訓練に励んでいる。
717,,この人形には、作り主の魂が宿っていると言われている。
718,,クラスメイトと一緒に、謎の転校生の正体を探ることにした。
719,,風に乗って空を飛ぶ感覚は、何物にも代えがたい自由だ。
720,,呪われた森の奥深くに、伝説の聖剣が隠されているという。
721,,おじいちゃんの形見のペンダントが、突然光り出したの。
722,,この学園には七不思議があって、すべて解明した者はいない。
723,,人魚の姫が、人間の世界に憧れて陸に上がってきたんだ。
724,,研究室の先輩が開発した装置で、過去に戻れるかもしれない。
725,,天使と悪魔のハーフとして生まれた少年の物語が始まる。
726,,料理が下手なのに、好きな人にお弁当を作ろうとしている。
727,,迷いの森を抜けた先に、忘れられた王国が広がっていた。
728,,わたしの飼い猫が、突然人間の言葉を話し始めたんだけど。
729,,体育祭のリレーで、絶対にアンカーを務めるって決めたの。
730,,この魔導書に書かれた呪文を唱えると、何が起きるんだろう。
731,,海辺で拾った貝殻から、不思議な音楽が聞こえてくる。
732,,クラス対抗の合唱コンクールで、金賞を取りたいんだ。
733,,古い日記帳の中に、この学校の秘密が隠されていた。
734,,夢の中で出会った少年が、現実にも存在していたなんて。
735,,わたしは吸血鬼だけど、ニンニク料理が大好きなんだよね。
736,,剣と魔法の世界で、わたしはただの薬師見習いにすぎない。
737,,秋祭りの準備を手伝ってたら、いつの間にか日が暮れていた。
738,,異世界から来たお姫様に、日本の文化を教えることになった。
739,,ピンチの時こそ冷静に。それが父さんの口癖だったから。
740,,廃墟になった遊園地で、幽霊の噂を確かめに来たんだ。
741,,この音色を聞けば、誰もが心を動かされるはずだよ。
742,,学園の地下に広がるダンジョンの攻略を目指している。
743,,あの子が転校してから、教室が少し寂しくなったな。
744,,魔法のステッキを手に入れた瞬間、世界が色づいて見えた。
745,,今年の夏こそ、海の向こうの島に冒険に行こうよ。
746,,試験前なのに、全然集中できない。気になることがあって。
747,,タイムカプセルを埋めた場所を、十年後に掘り起こす約束。
748,,精霊の森で迷子になるなんて、冒険者として情けないよ。
749,,このぬいぐるみが夜中に動いてるって、信じてくれる？
750,,入学式の日、校門で見かけたあの子のことが忘れられない。
751,,わたしの歌声が、閉ざされた扉を開く鍵になるらしい。
752,,新しい仲間を信じて、もう一度やり直す勇気をもらった。
753,,この街に来てから不思議なことばかり起きるんだけど。
754,,雪の結晶のように美しい魔法を操る少女に出会った。
755,,この世界の真実を知ったとき、すべてが嘘だったと悟った。
756,,毎朝の訓練が辛いけど、強くなるためには仕方がない。
757,,天空の城には、古代の叡智が眠っていると言い伝えられている。
758,,お祭りの夜に出会った謎の少年が、運命の鍵を握っていた。
759,,わたしのペットが実は妖精だったなんて、驚きを隠せない。
760,,あの日の夕焼けを見るたびに、君との思い出が蘇るんだ。
761,,錬金術の教科書に、禁忌とされる術式が記されていた。
762,,転校先の学校で、前世の記憶を持つ少女と再会した。
763,,この絵の中に描かれた少女が、夜になると動き出すらしい。
764,,部長に推薦されたけど、自信がなくて引き受けられないよ。
765,,地球を離れて百年、人類は新しい星で文明を築いていた。
766,,図工の時間に作った作品が、コンテストで入選したんだよ。
767,,この猫カフェには、元気いっぱいの猫が二十匹もいるんだ。
768,,空を飛ぶ夢を見るたびに、本当に飛べる気がしてくる。
769,,海底都市での暮らしにも、ようやく慣れてきたところだ。
770,,あのバンドの曲を聴くと、元気が出てくるんだよね。
771,,花屋のおばあちゃんが教えてくれた花言葉、覚えてるかな。
772,,銀河鉄道に乗って、果てしない宇宙の旅に出かけよう。
773,,わたしが女王になったら、この国を平和にしてみせるわ。
774,,化学実験で偶然できた液体が、不思議な力を持っていた。
775,,あの山の頂にある祠には、龍神が祀られていると聞いた。
776,,このケーキ屋さんのシュークリーム、世界一美味しいよ。
777,,魔法陣を描くには、特別なインクと精密な技術が必要なんだ。
778,,サーカス団に入って、空中ブランコの芸を極めたいんだ。
779,,星屑を集めて作ったネックレスを、君にプレゼントするよ。
780,,深い森の奥に住む魔女は、実はとても優しい人だった。
781,,運動会のリレーで転んでしまったけど、最後まで走りきったよ。
782,,この占い師の予言が、不思議と当たるんだよね。
783,,妖精の羽を持つ少年が、窓辺に座って歌を歌っていた。
784,,わたしたちの友情は、どんな魔法よりも強いと信じてる。
785,,あの雲の形、ウサギに見えない？すごく可愛いよ。
786,,伝説のパティシエに弟子入りして、お菓子作りを学ぶんだ。
787,,この街の時計台が止まった日から、不思議な現象が起きている。
788,,飛行船から見下ろす大地は、まるで絵画のように美しかった。
789,,わたしは人間じゃないけど、人間として生きていきたいの。
790,,屋根裏部屋で見つけた古い写真に、見覚えのある顔があった。
791,,音楽の力で世界を救うなんて、馬鹿げてると思う？
792,,魔法学院の首席卒業生として、国王から称号を授かった。
793,,あの子の手料理を食べたら、思わず涙が出てきちゃった。
794,,この水晶玉には、未来を映す力があると言われている。
795,,わたしの夢は、世界中の子供たちを笑顔にすることなんだ。
796,,冬の夜空に浮かぶオーロラを、いつか見てみたいんだよね。
797,,この剣には、歴代の勇者の魂が宿っているらしいよ。
798,,遊園地のジェットコースター、一緒に乗ろうよ。怖くないよ。
799,,父さんが残してくれたこの地図に、宝の在り処が示されている。
800,,新しい呪文を覚えたから、早速試してみようかな。
801,,雨上がりの虹を見ると、何かいいことが起きそうな気がする。
802,,わたしが王になる日まで、この剣を預かってくれないか。
803,,おばあちゃんの作るおはぎは、世界で一番美味しいんだよ。
804,,竜の背中に乗って空を飛ぶのは、最高に気持ちいいんだ。
805,,この手紙を開けたら、魔法の世界への招待状が入っていた。
806,,水族館の大水槽の前で、ずっとクラゲを眺めていたいな。
807,,人形劇の主人公として、わたしは舞台に立つことを選んだ。
808,,あの塔の最上階には、世界で最も美しい宝石があるらしい。
809,,おかえり。今日のごはんはカレーだよ。好きだったよね。
810,,月の光に照らされた湖面が、銀色に輝いている。
811,,この楽譜に隠されたメロディーが、封印を解く鍵なんだ。
812,,夏の海で見つけた不思議な貝殻が、光を放ち始めた。
813,,わたしは何度でも立ち上がる。それが生きるということだから。
814,,プラネタリウムで見た星空は、本物よりも美しかったよ。
815,,この古書店には、他では手に入らない珍しい本が並んでいる。
816,,あの丘の上に立つと、街全体を見渡すことができるんだよ。
817,,魔獣の群れが近づいてくる。迎え撃つ準備をしろ。
818,,手紙を書くのは苦手だけど、気持ちを込めて書いてみたよ。
819,,この宇宙ステーションから見る地球は、とても小さく見える。
820,,わたしの作った弁当、美味しかったでしょ？自信作なんだ。
821,,千年に一度の流星群が、今夜この空に降り注ぐんだって。
822,,動物園の赤ちゃんパンダ、すごく可愛かったよ。
823,,この聖杯を手にした者は、永遠の命を得ることができる。
824,,テニス部に入ったばかりだけど、毎日がすごく楽しいよ。
825,,運命の人に出会ったとき、心臓が飛び出すかと思ったよ。
826,,この映画のエンディング、泣いちゃったのは内緒だよ。
827,,空飛ぶ絨毯に乗って、世界中を旅してみたいなあ。
828,,学園の秘密結社に誘われたんだけど、入るべきかな。
829,,百年の眠りから覚めた姫は、見知らぬ世界に戸惑っていた。
830,,合宿の夜に語り合った夢の話を、まだ覚えているかい？
831,,魔法のインクで書いた文字は、月明かりの下でだけ読める。
832,,この温かいスープを飲んだら、少し元気が出てきたよ。
833,,砂漠の真ん中にあるオアシスで、不思議な旅人に出会った。
834,,卒業アルバムの写真を見返すと、色々な思い出が蘇るね。
835,,わたしの声が届くなら、空の果てまで叫び続けるよ。
836,,この美術室で過ごした時間は、わたしの宝物になったよ。
837,,雪だるまを作ろうよ。大きいのと小さいの、二つ並べて。
838,,この指輪が光っている。近くに敵がいるのかもしれない。
839,,真夏の夜の夢のように、すべてが幻だったのかもしれない。
840,,先生に褒められたときの嬉しさは、今でも忘れられないよ。
841,,この星には、わたしたち以外にも知的生命体がいるはずだ。
842,,手を繋いで歩く桜並木の道は、春の特別な散歩コースだよ。
843,,世界樹の根元に、すべての生命の源泉があると聞いたわ。
844,,明日のピアノの発表会、ちゃんと弾けるか心配だなあ。
845,,この懐中時計は、時空を超える力を秘めているらしい。
846,,クリスマスの夜に奇跡が起きるって、信じてもいいかな。
847,,あの流れ星に願いを込めたら、本当に叶ったんだよ。
848,,迷宮の最深部で待つのは、宝箱か、それとも罠なのか。
849,,わたしは必ず帰ってくるから、ここで待っていてほしい。
850,,朝のジョギングは、一日を元気に始めるための秘訣です。
851,,この公園の池には、たくさんの亀が日向ぼっこをしています。
852,,手作りのマフラーを編んで、誕生日プレゼントにしたいの。
853,,オンラインゲームの世界で、最強のギルドを作り上げた。
854,,猫が窓辺で丸くなって、気持ちよさそうに眠っている。
855,,新しいカフェがオープンしたから、今度一緒に行こうよ。
856,,ドキュメンタリー番組で紹介された風景が、とても印象的だった。
857,,金曜日の夜は、家族みんなで映画を観るのが恒例です。
858,,手芸クラブで作ったクッションカバーが、思ったより上手にできた。
859,,今朝の占いで一位だったから、今日はいい日になりそうだね。
860,,町内会の回覧板を、お隣さんに届けてこなくちゃ。
861,,引っ越し先の部屋は、日当たりが良くて気に入っています。
862,,彼女の歌声は、まるで天使のように澄んでいた。
863,,地下鉄の工事が終わって、通勤がかなり楽になりました。
864,,商店街の福引きで、一等の温泉旅行が当たったんだ。
865,,ペンギンがよちよち歩く姿は、見ていて癒されるよね。
866,,自転車で海沿いの道を走るのは、本当に気持ちがいいです。
867,,お隣の犬が毎朝元気に吠えるので、目覚まし時計がいらないよ。
868,,夏の終わりに聞く蝉の声は、少し寂しい気持ちになります。
869,,おじいちゃんの戦争体験の話は、とても考えさせられた。
870,,雪が積もったら、みんなで雪合戦をしようって約束したんだ。
871,,この手作りジャムは、苺の甘さがしっかり感じられるよ。
872,,展望デッキから見る夜景は、宝石をちりばめたようだった。
873,,水泳部のキャプテンとして、チームをまとめなきゃいけない。
874,,おばあちゃんから教わった編み物の技法を、大切にしています。
875,,近所の川でホタルを見られる季節になりました。
876,,今日の給食のメニューは、みんなが大好きなカレーライスです。
877,,動物病院の先生は、とても優しくてペットのことを大切にしている。
878,,読書感想文を書くのが苦手で、いつも締め切り直前に焦るんだ。
879,,週末の家庭菜園で、トマトが真っ赤に実っていたよ。
880,,おじいちゃんの古い写真アルバムを見て、時代の変化を感じた。
881,,この交差点は、通学路で最も交通量が多い場所です。
882,,雨の日の図書館は、いつもより静かで落ち着いた雰囲気です。
883,,お正月のおせち料理には、それぞれに意味が込められています。
884,,新しいギターを買ったから、毎日練習するのが楽しみなんだ。
885,,朝焼けに染まる空を見ると、今日も頑張ろうって思えるんだ。
886,,美容室で髪を短く切ったら、みんなに似合うって言われたよ。
887,,駅前のたこ焼き屋さんは、いつも行列ができている人気店です。
888,,体育の授業で跳び箱を飛べるようになって、すごく嬉しかった。
889,,梅干しを作るには、天日干しの工程が欠かせません。
890,,林間学校で見た満天の星空が、忘れられない思い出です。
891,,この坂道の上にある神社は、初詣で多くの人が訪れます。
892,,手紙を書くときは、相手の気持ちを考えて言葉を選びます。
893,,プールの授業が始まる前は、準備体操を入念にしましょう。
894,,遠足のお弁当は、お母さんの手作りおにぎりが一番嬉しいな。
895,,天気が良い日は、屋上でお昼ご飯を食べるのが好きです。
896,,ピアノの発表会で緊張したけど、最後まで弾けてよかった。
897,,夕暮れ時の空は、毎日違う色に染まるから飽きないよ。
898,,修学旅行で訪れた京都のお寺は、とても厳かな雰囲気だった。
899,,年賀状を書く季節になると、一年の早さを実感します。
